                                                                        S0000001
,,31HOpen CASCADE IGES processor 7.7,13HFilename.iges,                  G0000001
16HOpen CASCADE 7.7,31HOpen CASCADE IGES processor 7.7,32,308,15,308,15,G0000002
,1.,2,2HMM,1,0.01,15H20260111.215351,0.000219499,5.642298,6HSYSTEM,,11, G0000003
0,15H20260111.215351,;                                                  G0000004
     402       1       0       0       0       0       0       000000000D0000001
     402       0       0       1       1                    part        D0000002
     402       2       0       0       0       0       0       000020000D0000003
     402       0       0       1       1                               0D0000004
     144       3       0       0       0       0       0       000020000D0000005
     144       0   -2411       1       0                               0D0000006
     120       4       0       0       0       0       9       000010000D0000007
     120       0       0       1       0                               0D0000008
     124       5       0       0       0       0       0       000000000D0000009
     124       0       0       1       0                               0D0000010
     110       6       0       0       0       0       0       000010000D0000011
     110       0       0       1       0                               0D0000012
     110       7       0       0       0       0       0       000010000D0000013
     110       0       0       1       0                               0D0000014
     142       8       0       0       0       0       0       000010500D0000015
     142       0       0       1       0                               0D0000016
     102       9       0       0       0       0       0       000010000D0000017
     102       0       0       1       0                               0D0000018
     110      10       0       0       0       0       0       000010000D0000019
     110       0       0       1       0                               0D0000020
     110      11       0       0       0       0       0       000010000D0000021
     110       0       0       1       0                               0D0000022
     110      12       0       0       0       0       0       000010000D0000023
     110       0       0       2       0                               0D0000024
     110      14       0       0       0       0       0       000010000D0000025
     110       0   -2411       1       0                               0D0000026
     102      15       0       0       0       0       0       000010000D0000027
     102       0       0       1       0                               0D0000028
     100      16       0       0       0       0      31       000010000D0000029
     100       0       0       1       0                               0D0000030
     124      17       0       0       0       0       0       000000000D0000031
     124       0       0       1       0                               0D0000032
     126      18       0       0       0       0       0       000010000D0000033
     126       0       0       2       0                               0D0000034
     100      20       0       0       0       0      37       000010000D0000035
     100       0       0       1       0                               0D0000036
     124      21       0       0       0       0       0       000000000D0000037
     124       0       0       1       0                               0D0000038
     126      22       0       0       0       0       0       000010000D0000039
     126       0       0       2       0                               0D0000040
     144      24       0       0       0       0       0       000020000D0000041
     144       0   -2411       1       0                               0D0000042
     108      25       0       0       0       0       0       000010000D0000043
     108       0       0       1       0                               0D0000044
     142      26       0       0       0       0       0       000010500D0000045
     142       0       0       1       0                               0D0000046
     100      27       0       0       0       0      49       000010000D0000047
     100       0   -2411       1       0                               0D0000048
     124      28       0       0       0       0       0       000000000D0000049
     124       0       0       1       0                               0D0000050
     144      29       0       0       0       0       0       000020000D0000051
     144       0   -2411       1       0                               0D0000052
     108      30       0       0       0       0       0       000010000D0000053
     108       0       0       1       0                               0D0000054
     142      31       0       0       0       0       0       000010500D0000055
     142       0       0       1       0                               0D0000056
     100      32       0       0       0       0      59       000010000D0000057
     100       0   -2411       1       0                               0D0000058
     124      33       0       0       0       0       0       000000000D0000059
     124       0       0       1       0                               0D0000060
     402      34       0       0       0       0       0       000020000D0000061
     402       0       0       1       1                               0D0000062
     144      35       0       0       0       0       0       000020000D0000063
     144       0   -2413       1       0                               0D0000064
     108      36       0       0       0       0       0       000010000D0000065
     108       0       0       1       0                               0D0000066
     142      37       0       0       0       0       0       000010500D0000067
     142       0       0       1       0                               0D0000068
     102      38       0       0       0       0       0       000010000D0000069
     102       0       0       1       0                               0D0000070
     110      39       0       0       0       0       0       000010000D0000071
     110       0       0       1       0                               0D0000072
     110      40       0       0       0       0       0       000010000D0000073
     110       0       0       1       0                               0D0000074
     110      41       0       0       0       0       0       000010000D0000075
     110       0       0       1       0                               0D0000076
     110      42       0       0       0       0       0       000010000D0000077
     110       0       0       1       0                               0D0000078
     144      43       0       0       0       0       0       000020000D0000079
     144       0   -2413       1       0                               0D0000080
     108      44       0       0       0       0       0       000010000D0000081
     108       0       0       2       0                               0D0000082
     142      46       0       0       0       0       0       000010500D0000083
     142       0       0       1       0                               0D0000084
     102      47       0       0       0       0       0       000010000D0000085
     102       0       0       1       0                               0D0000086
     110      48       0       0       0       0       0       000010000D0000087
     110       0       0       1       0                               0D0000088
     110      49       0       0       0       0       0       000010000D0000089
     110       0       0       1       0                               0D0000090
     110      50       0       0       0       0       0       000010000D0000091
     110       0   -2413       1       0                               0D0000092
     110      51       0       0       0       0       0       000010000D0000093
     110       0       0       1       0                               0D0000094
     144      52       0       0       0       0       0       000020000D0000095
     144       0   -2413       1       0                               0D0000096
     108      53       0       0       0       0       0       000010000D0000097
     108       0       0       2       0                               0D0000098
     142      55       0       0       0       0       0       000010500D0000099
     142       0       0       1       0                               0D0000100
     102      56       0       0       0       0       0       000010000D0000101
     102       0       0       1       0                               0D0000102
     110      57       0       0       0       0       0       000010000D0000103
     110       0       0       1       0                               0D0000104
     110      58       0       0       0       0       0       000010000D0000105
     110       0       0       1       0                               0D0000106
     110      59       0       0       0       0       0       000010000D0000107
     110       0   -2413       1       0                               0D0000108
     110      60       0       0       0       0       0       000010000D0000109
     110       0   -2413       1       0                               0D0000110
     144      61       0       0       0       0       0       000020000D0000111
     144       0   -2413       1       0                               0D0000112
     108      62       0       0       0       0       0       000010000D0000113
     108       0       0       2       0                               0D0000114
     142      64       0       0       0       0       0       000010500D0000115
     142       0       0       1       0                               0D0000116
     102      65       0       0       0       0       0       000010000D0000117
     102       0       0       1       0                               0D0000118
     110      66       0       0       0       0       0       000010000D0000119
     110       0       0       1       0                               0D0000120
     110      67       0       0       0       0       0       000010000D0000121
     110       0       0       1       0                               0D0000122
     110      68       0       0       0       0       0       000010000D0000123
     110       0   -2413       1       0                               0D0000124
     110      69       0       0       0       0       0       000010000D0000125
     110       0   -2413       1       0                               0D0000126
     144      70       0       0       0       0       0       000020000D0000127
     144       0   -2413       1       0                               0D0000128
     108      71       0       0       0       0       0       000010000D0000129
     108       0       0       2       0                               0D0000130
     142      73       0       0       0       0       0       000010500D0000131
     142       0       0       1       0                               0D0000132
     102      74       0       0       0       0       0       000010000D0000133
     102       0       0       1       0                               0D0000134
     110      75       0       0       0       0       0       000010000D0000135
     110       0       0       1       0                               0D0000136
     110      76       0       0       0       0       0       000010000D0000137
     110       0   -2413       1       0                               0D0000138
     110      77       0       0       0       0       0       000010000D0000139
     110       0   -2413       1       0                               0D0000140
     110      78       0       0       0       0       0       000010000D0000141
     110       0   -2413       1       0                               0D0000142
     144      79       0       0       0       0       0       000020000D0000143
     144       0   -2413       1       0                               0D0000144
     108      80       0       0       0       0       0       000010000D0000145
     108       0       0       1       0                               0D0000146
     142      81       0       0       0       0       0       000010500D0000147
     142       0       0       1       0                               0D0000148
     102      82       0       0       0       0       0       000010000D0000149
     102       0       0       1       0                               0D0000150
     110      83       0       0       0       0       0       000010000D0000151
     110       0       0       1       0                               0D0000152
     110      84       0       0       0       0       0       000010000D0000153
     110       0       0       1       0                               0D0000154
     110      85       0       0       0       0       0       000010000D0000155
     110       0   -2413       1       0                               0D0000156
     110      86       0       0       0       0       0       000010000D0000157
     110       0       0       1       0                               0D0000158
     144      87       0       0       0       0       0       000020000D0000159
     144       0   -2413       1       0                               0D0000160
     108      88       0       0       0       0       0       000010000D0000161
     108       0       0       1       0                               0D0000162
     142      89       0       0       0       0       0       000010500D0000163
     142       0       0       1       0                               0D0000164
     102      90       0       0       0       0       0       000010000D0000165
     102       0       0       1       0                               0D0000166
     110      91       0       0       0       0       0       000010000D0000167
     110       0       0       1       0                               0D0000168
     110      92       0       0       0       0       0       000010000D0000169
     110       0       0       1       0                               0D0000170
     110      93       0       0       0       0       0       000010000D0000171
     110       0   -2413       1       0                               0D0000172
     110      94       0       0       0       0       0       000010000D0000173
     110       0   -2413       1       0                               0D0000174
     144      95       0       0       0       0       0       000020000D0000175
     144       0   -2413       1       0                               0D0000176
     108      96       0       0       0       0       0       000010000D0000177
     108       0       0       1       0                               0D0000178
     142      97       0       0       0       0       0       000010500D0000179
     142       0       0       1       0                               0D0000180
     102      98       0       0       0       0       0       000010000D0000181
     102       0       0       1       0                               0D0000182
     110      99       0       0       0       0       0       000010000D0000183
     110       0       0       1       0                               0D0000184
     110     100       0       0       0       0       0       000010000D0000185
     110       0       0       1       0                               0D0000186
     110     101       0       0       0       0       0       000010000D0000187
     110       0   -2413       1       0                               0D0000188
     110     102       0       0       0       0       0       000010000D0000189
     110       0   -2413       1       0                               0D0000190
     144     103       0       0       0       0       0       000020000D0000191
     144       0   -2413       1       0                               0D0000192
     108     104       0       0       0       0       0       000010000D0000193
     108       0       0       1       0                               0D0000194
     142     105       0       0       0       0       0       000010500D0000195
     142       0       0       1       0                               0D0000196
     102     106       0       0       0       0       0       000010000D0000197
     102       0       0       1       0                               0D0000198
     110     107       0       0       0       0       0       000010000D0000199
     110       0       0       1       0                               0D0000200
     110     108       0       0       0       0       0       000010000D0000201
     110       0   -2413       1       0                               0D0000202
     110     109       0       0       0       0       0       000010000D0000203
     110       0   -2413       1       0                               0D0000204
     110     110       0       0       0       0       0       000010000D0000205
     110       0   -2413       1       0                               0D0000206
     144     111       0       0       0       0       0       000020000D0000207
     144       0   -2413       1       0                               0D0000208
     108     112       0       0       0       0       0       000010000D0000209
     108       0       0       2       0                               0D0000210
     142     114       0       0       0       0       0       000010500D0000211
     142       0       0       1       0                               0D0000212
     102     115       0       0       0       0       0       000010000D0000213
     102       0       0       1       0                               0D0000214
     110     116       0       0       0       0       0       000010000D0000215
     110       0       0       1       0                               0D0000216
     110     117       0       0       0       0       0       000010000D0000217
     110       0       0       1       0                               0D0000218
     110     118       0       0       0       0       0       000010000D0000219
     110       0   -2413       1       0                               0D0000220
     110     119       0       0       0       0       0       000010000D0000221
     110       0       0       1       0                               0D0000222
     144     120       0       0       0       0       0       000020000D0000223
     144       0   -2413       1       0                               0D0000224
     108     121       0       0       0       0       0       000010000D0000225
     108       0       0       2       0                               0D0000226
     142     123       0       0       0       0       0       000010500D0000227
     142       0       0       1       0                               0D0000228
     102     124       0       0       0       0       0       000010000D0000229
     102       0       0       1       0                               0D0000230
     110     125       0       0       0       0       0       000010000D0000231
     110       0       0       1       0                               0D0000232
     110     126       0       0       0       0       0       000010000D0000233
     110       0       0       1       0                               0D0000234
     110     127       0       0       0       0       0       000010000D0000235
     110       0   -2413       1       0                               0D0000236
     110     128       0       0       0       0       0       000010000D0000237
     110       0   -2413       1       0                               0D0000238
     144     129       0       0       0       0       0       000020000D0000239
     144       0   -2413       1       0                               0D0000240
     108     130       0       0       0       0       0       000010000D0000241
     108       0       0       2       0                               0D0000242
     142     132       0       0       0       0       0       000010500D0000243
     142       0       0       1       0                               0D0000244
     102     133       0       0       0       0       0       000010000D0000245
     102       0       0       1       0                               0D0000246
     110     134       0       0       0       0       0       000010000D0000247
     110       0       0       1       0                               0D0000248
     110     135       0       0       0       0       0       000010000D0000249
     110       0       0       1       0                               0D0000250
     110     136       0       0       0       0       0       000010000D0000251
     110       0   -2413       1       0                               0D0000252
     110     137       0       0       0       0       0       000010000D0000253
     110       0   -2413       1       0                               0D0000254
     144     138       0       0       0       0       0       000020000D0000255
     144       0   -2413       1       0                               0D0000256
     108     139       0       0       0       0       0       000010000D0000257
     108       0       0       2       0                               0D0000258
     142     141       0       0       0       0       0       000010500D0000259
     142       0       0       1       0                               0D0000260
     102     142       0       0       0       0       0       000010000D0000261
     102       0       0       1       0                               0D0000262
     110     143       0       0       0       0       0       000010000D0000263
     110       0       0       1       0                               0D0000264
     110     144       0       0       0       0       0       000010000D0000265
     110       0   -2413       1       0                               0D0000266
     110     145       0       0       0       0       0       000010000D0000267
     110       0   -2413       1       0                               0D0000268
     110     146       0       0       0       0       0       000010000D0000269
     110       0   -2413       1       0                               0D0000270
     144     147       0       0       0       0       0       000020000D0000271
     144       0   -2413       1       0                               0D0000272
     108     148       0       0       0       0       0       000010000D0000273
     108       0       0       1       0                               0D0000274
     142     149       0       0       0       0       0       000010500D0000275
     142       0       0       1       0                               0D0000276
     102     150       0       0       0       0       0       000010000D0000277
     102       0       0       1       0                               0D0000278
     110     151       0       0       0       0       0       000010000D0000279
     110       0   -2413       1       0                               0D0000280
     110     152       0       0       0       0       0       000010000D0000281
     110       0   -2413       1       0                               0D0000282
     110     153       0       0       0       0       0       000010000D0000283
     110       0   -2413       1       0                               0D0000284
     110     154       0       0       0       0       0       000010000D0000285
     110       0   -2413       1       0                               0D0000286
     402     155       0       0       0       0       0       000020000D0000287
     402       0       0       1       1                               0D0000288
     144     156       0       0       0       0       0       000020000D0000289
     144       0   -2415       1       0                               0D0000290
     108     157       0       0       0       0       0       000010000D0000291
     108       0       0       1       0                               0D0000292
     142     158       0       0       0       0       0       000010500D0000293
     142       0       0       1       0                               0D0000294
     102     159       0       0       0       0       0       000010000D0000295
     102       0       0       1       0                               0D0000296
     110     160       0       0       0       0       0       000010000D0000297
     110       0       0       1       0                               0D0000298
     110     161       0       0       0       0       0       000010000D0000299
     110       0       0       1       0                               0D0000300
     110     162       0       0       0       0       0       000010000D0000301
     110       0       0       1       0                               0D0000302
     110     163       0       0       0       0       0       000010000D0000303
     110       0       0       1       0                               0D0000304
     144     164       0       0       0       0       0       000020000D0000305
     144       0   -2415       1       0                               0D0000306
     108     165       0       0       0       0       0       000010000D0000307
     108       0       0       1       0                               0D0000308
     142     166       0       0       0       0       0       000010500D0000309
     142       0       0       1       0                               0D0000310
     102     167       0       0       0       0       0       000010000D0000311
     102       0       0       1       0                               0D0000312
     110     168       0       0       0       0       0       000010000D0000313
     110       0   -2415       1       0                               0D0000314
     110     169       0       0       0       0       0       000010000D0000315
     110       0       0       1       0                               0D0000316
     110     170       0       0       0       0       0       000010000D0000317
     110       0       0       1       0                               0D0000318
     110     171       0       0       0       0       0       000010000D0000319
     110       0       0       1       0                               0D0000320
     144     172       0       0       0       0       0       000020000D0000321
     144       0   -2415       1       0                               0D0000322
     108     173       0       0       0       0       0       000010000D0000323
     108       0       0       1       0                               0D0000324
     142     174       0       0       0       0       0       000010500D0000325
     142       0       0       1       0                               0D0000326
     102     175       0       0       0       0       0       000010000D0000327
     102       0       0       1       0                               0D0000328
     110     176       0       0       0       0       0       000010000D0000329
     110       0   -2415       1       0                               0D0000330
     110     177       0       0       0       0       0       000010000D0000331
     110       0       0       1       0                               0D0000332
     110     178       0       0       0       0       0       000010000D0000333
     110       0       0       1       0                               0D0000334
     110     179       0       0       0       0       0       000010000D0000335
     110       0       0       1       0                               0D0000336
     144     180       0       0       0       0       0       000020000D0000337
     144       0   -2415       1       0                               0D0000338
     108     181       0       0       0       0       0       000010000D0000339
     108       0       0       2       0                               0D0000340
     142     183       0       0       0       0       0       000010500D0000341
     142       0       0       1       0                               0D0000342
     102     184       0       0       0       0       0       000010000D0000343
     102       0       0       1       0                               0D0000344
     110     185       0       0       0       0       0       000010000D0000345
     110       0       0       1       0                               0D0000346
     110     186       0       0       0       0       0       000010000D0000347
     110       0       0       1       0                               0D0000348
     110     187       0       0       0       0       0       000010000D0000349
     110       0       0       1       0                               0D0000350
     110     188       0       0       0       0       0       000010000D0000351
     110       0       0       1       0                               0D0000352
     144     189       0       0       0       0       0       000020000D0000353
     144       0   -2415       1       0                               0D0000354
     108     190       0       0       0       0       0       000010000D0000355
     108       0       0       2       0                               0D0000356
     142     192       0       0       0       0       0       000010500D0000357
     142       0       0       1       0                               0D0000358
     102     193       0       0       0       0       0       000010000D0000359
     102       0       0       1       0                               0D0000360
     110     194       0       0       0       0       0       000010000D0000361
     110       0       0       1       0                               0D0000362
     110     195       0       0       0       0       0       000010000D0000363
     110       0       0       1       0                               0D0000364
     110     196       0       0       0       0       0       000010000D0000365
     110       0       0       1       0                               0D0000366
     110     197       0       0       0       0       0       000010000D0000367
     110       0       0       1       0                               0D0000368
     144     198       0       0       0       0       0       000020000D0000369
     144       0   -2415       1       0                               0D0000370
     108     199       0       0       0       0       0       000010000D0000371
     108       0       0       1       0                               0D0000372
     142     200       0       0       0       0       0       000010500D0000373
     142       0       0       1       0                               0D0000374
     102     201       0       0       0       0       0       000010000D0000375
     102       0       0       1       0                               0D0000376
     110     202       0       0       0       0       0       000010000D0000377
     110       0       0       1       0                               0D0000378
     110     203       0       0       0       0       0       000010000D0000379
     110       0       0       1       0                               0D0000380
     110     204       0       0       0       0       0       000010000D0000381
     110       0       0       1       0                               0D0000382
     110     205       0       0       0       0       0       000010000D0000383
     110       0       0       1       0                               0D0000384
     144     206       0       0       0       0       0       000020000D0000385
     144       0   -2415       1       0                               0D0000386
     108     207       0       0       0       0       0       000010000D0000387
     108       0       0       1       0                               0D0000388
     142     208       0       0       0       0       0       000010500D0000389
     142       0       0       1       0                               0D0000390
     102     209       0       0       0       0       0       000010000D0000391
     102       0       0       1       0                               0D0000392
     110     210       0       0       0       0       0       000010000D0000393
     110       0       0       1       0                               0D0000394
     110     211       0       0       0       0       0       000010000D0000395
     110       0       0       1       0                               0D0000396
     110     212       0       0       0       0       0       000010000D0000397
     110       0       0       1       0                               0D0000398
     110     213       0       0       0       0       0       000010000D0000399
     110       0       0       1       0                               0D0000400
     144     214       0       0       0       0       0       000020000D0000401
     144       0   -2415       1       0                               0D0000402
     108     215       0       0       0       0       0       000010000D0000403
     108       0       0       1       0                               0D0000404
     142     216       0       0       0       0       0       000010500D0000405
     142       0       0       1       0                               0D0000406
     102     217       0       0       0       0       0       000010000D0000407
     102       0       0       1       0                               0D0000408
     110     218       0       0       0       0       0       000010000D0000409
     110       0   -2415       1       0                               0D0000410
     110     219       0       0       0       0       0       000010000D0000411
     110       0       0       1       0                               0D0000412
     110     220       0       0       0       0       0       000010000D0000413
     110       0   -2415       1       0                               0D0000414
     110     221       0       0       0       0       0       000010000D0000415
     110       0       0       1       0                               0D0000416
     144     222       0       0       0       0       0       000020000D0000417
     144       0   -2415       1       0                               0D0000418
     120     223       0       0       0       0     421       000010000D0000419
     120       0       0       1       0                               0D0000420
     124     224       0       0       0       0       0       000000000D0000421
     124       0       0       1       0                               0D0000422
     110     225       0       0       0       0       0       000010000D0000423
     110       0       0       1       0                               0D0000424
     110     226       0       0       0       0       0       000010000D0000425
     110       0       0       1       0                               0D0000426
     142     227       0       0       0       0       0       000010500D0000427
     142       0       0       1       0                               0D0000428
     102     228       0       0       0       0       0       000010000D0000429
     102       0       0       1       0                               0D0000430
     110     229       0       0       0       0       0       000010000D0000431
     110       0   -2415       1       0                               0D0000432
     110     230       0       0       0       0       0       000010000D0000433
     110       0       0       2       0                               0D0000434
     110     232       0       0       0       0       0       000010000D0000435
     110       0   -2415       1       0                               0D0000436
     110     233       0       0       0       0       0       000010000D0000437
     110       0       0       1       0                               0D0000438
     102     234       0       0       0       0       0       000010000D0000439
     102       0       0       1       0                               0D0000440
     110     235       0       0       0       0       0       000010000D0000441
     110       0       0       1       0                               0D0000442
     100     236       0       0       0       0     445       000010000D0000443
     100       0       0       1       0                               0D0000444
     124     237       0       0       0       0       0       000000000D0000445
     124       0       0       2       0                               0D0000446
     110     239       0       0       0       0       0       000010000D0000447
     110       0       0       1       0                               0D0000448
     100     240       0       0       0       0     451       000010000D0000449
     100       0       0       1       0                               0D0000450
     124     241       0       0       0       0       0       000000000D0000451
     124       0       0       2       0                               0D0000452
     144     243       0       0       0       0       0       000020000D0000453
     144       0   -2415       1       0                               0D0000454
     120     244       0       0       0       0     457       000010000D0000455
     120       0       0       1       0                               0D0000456
     124     245       0       0       0       0       0       000000000D0000457
     124       0       0       1       1                               0D0000458
     110     246       0       0       0       0       0       000010000D0000459
     110       0       0       1       0                               0D0000460
     110     247       0       0       0       0       0       000010000D0000461
     110       0       0       1       0                               0D0000462
     142     248       0       0       0       0       0       000010500D0000463
     142       0       0       1       0                               0D0000464
     102     249       0       0       0       0       0       000010000D0000465
     102       0       0       1       0                               0D0000466
     110     250       0       0       0       0       0       000010000D0000467
     110       0   -2415       1       0                               0D0000468
     110     251       0       0       0       0       0       000010000D0000469
     110       0       0       1       0                               0D0000470
     110     252       0       0       0       0       0       000010000D0000471
     110       0   -2415       1       0                               0D0000472
     110     253       0       0       0       0       0       000010000D0000473
     110       0       0       2       0                               0D0000474
     102     255       0       0       0       0       0       000010000D0000475
     102       0       0       1       0                               0D0000476
     110     256       0       0       0       0       0       000010000D0000477
     110       0       0       1       0                               0D0000478
     100     257       0       0       0       0     481       000010000D0000479
     100       0       0       1       0                               0D0000480
     124     258       0       0       0       0       0       000000000D0000481
     124       0       0       2       0                               0D0000482
     110     260       0       0       0       0       0       000010000D0000483
     110       0       0       1       0                               0D0000484
     100     261       0       0       0       0     487       000010000D0000485
     100       0       0       1       0                               0D0000486
     124     262       0       0       0       0       0       000000000D0000487
     124       0       0       2       0                               0D0000488
     144     264       0       0       0       0       0       000020000D0000489
     144       0   -2415       1       0                               0D0000490
     120     265       0       0       0       0     493       000010000D0000491
     120       0       0       1       0                               0D0000492
     124     266       0       0       0       0       0       000000000D0000493
     124       0       0       1       1                               0D0000494
     110     267       0       0       0       0       0       000010000D0000495
     110       0       0       1       0                               0D0000496
     110     268       0       0       0       0       0       000010000D0000497
     110       0       0       1       0                               0D0000498
     142     269       0       0       0       0       0       000010500D0000499
     142       0       0       1       0                               0D0000500
     102     270       0       0       0       0       0       000010000D0000501
     102       0       0       1       0                               0D0000502
     110     271       0       0       0       0       0       000010000D0000503
     110       0   -2415       1       0                               0D0000504
     110     272       0       0       0       0       0       000010000D0000505
     110       0       0       1       0                               0D0000506
     110     273       0       0       0       0       0       000010000D0000507
     110       0   -2415       1       0                               0D0000508
     110     274       0       0       0       0       0       000010000D0000509
     110       0       0       2       0                               0D0000510
     102     276       0       0       0       0       0       000010000D0000511
     102       0       0       1       0                               0D0000512
     110     277       0       0       0       0       0       000010000D0000513
     110       0       0       1       0                               0D0000514
     100     278       0       0       0       0     517       000010000D0000515
     100       0       0       1       0                               0D0000516
     124     279       0       0       0       0       0       000000000D0000517
     124       0       0       2       0                               0D0000518
     110     281       0       0       0       0       0       000010000D0000519
     110       0       0       1       0                               0D0000520
     100     282       0       0       0       0     523       000010000D0000521
     100       0       0       1       0                               0D0000522
     124     283       0       0       0       0       0       000000000D0000523
     124       0       0       2       0                               0D0000524
     144     285       0       0       0       0       0       000020000D0000525
     144       0   -2415       1       0                               0D0000526
     120     286       0       0       0       0     529       000010000D0000527
     120       0       0       1       0                               0D0000528
     124     287       0       0       0       0       0       000000000D0000529
     124       0       0       1       0                               0D0000530
     110     288       0       0       0       0       0       000010000D0000531
     110       0       0       1       0                               0D0000532
     110     289       0       0       0       0       0       000010000D0000533
     110       0       0       1       0                               0D0000534
     142     290       0       0       0       0       0       000010500D0000535
     142       0       0       1       0                               0D0000536
     102     291       0       0       0       0       0       000010000D0000537
     102       0       0       1       0                               0D0000538
     110     292       0       0       0       0       0       000010000D0000539
     110       0   -2415       1       0                               0D0000540
     110     293       0       0       0       0       0       000010000D0000541
     110       0       0       2       0                               0D0000542
     110     295       0       0       0       0       0       000010000D0000543
     110       0   -2415       1       0                               0D0000544
     110     296       0       0       0       0       0       000010000D0000545
     110       0       0       1       0                               0D0000546
     102     297       0       0       0       0       0       000010000D0000547
     102       0       0       1       0                               0D0000548
     110     298       0       0       0       0       0       000010000D0000549
     110       0       0       1       0                               0D0000550
     100     299       0       0       0       0     553       000010000D0000551
     100       0       0       1       0                               0D0000552
     124     300       0       0       0       0       0       000000000D0000553
     124       0       0       2       0                               0D0000554
     110     302       0       0       0       0       0       000010000D0000555
     110       0       0       1       0                               0D0000556
     100     303       0       0       0       0     559       000010000D0000557
     100       0       0       1       0                               0D0000558
     124     304       0       0       0       0       0       000000000D0000559
     124       0       0       2       0                               0D0000560
     144     306       0       0       0       0       0       000020000D0000561
     144       0   -2415       1       0                               0D0000562
     108     307       0       0       0       0       0       000010000D0000563
     108       0       0       1       0                               0D0000564
     142     308       0       0       0       0       0       000010500D0000565
     142       0       0       1       0                               0D0000566
     102     309       0       0       0       0       0       000010000D0000567
     102       0       0       1       0                               0D0000568
     110     310       0       0       0       0       0       000010000D0000569
     110       0   -2415       1       0                               0D0000570
     110     311       0       0       0       0       0       000010000D0000571
     110       0   -2415       1       0                               0D0000572
     110     312       0       0       0       0       0       000010000D0000573
     110       0   -2415       1       0                               0D0000574
     100     313       0       0       0       0     577       000010000D0000575
     100       0   -2415       1       0                               0D0000576
     124     314       0       0       0       0       0       000000000D0000577
     124       0       0       2       0                               0D0000578
     110     316       0       0       0       0       0       000010000D0000579
     110       0   -2415       1       0                               0D0000580
     100     317       0       0       0       0     583       000010000D0000581
     100       0   -2415       1       0                               0D0000582
     124     318       0       0       0       0       0       000000000D0000583
     124       0       0       2       0                               0D0000584
     110     320       0       0       0       0       0       000010000D0000585
     110       0   -2415       1       0                               0D0000586
     110     321       0       0       0       0       0       000010000D0000587
     110       0   -2415       1       0                               0D0000588
     110     322       0       0       0       0       0       000010000D0000589
     110       0   -2415       1       0                               0D0000590
     100     323       0       0       0       0     593       000010000D0000591
     100       0   -2415       1       0                               0D0000592
     124     324       0       0       0       0       0       000000000D0000593
     124       0       0       2       0                               0D0000594
     110     326       0       0       0       0       0       000010000D0000595
     110       0   -2415       1       0                               0D0000596
     100     327       0       0       0       0     599       000010000D0000597
     100       0   -2415       1       0                               0D0000598
     124     328       0       0       0       0       0       000000000D0000599
     124       0       0       2       0                               0D0000600
     144     330       0       0       0       0       0       000020000D0000601
     144       0   -2415       1       0                               0D0000602
     108     331       0       0       0       0       0       000010000D0000603
     108       0       0       1       0                               0D0000604
     142     332       0       0       0       0       0       000010500D0000605
     142       0       0       1       0                               0D0000606
     102     333       0       0       0       0       0       000010000D0000607
     102       0       0       1       0                               0D0000608
     110     334       0       0       0       0       0       000010000D0000609
     110       0   -2415       1       0                               0D0000610
     110     335       0       0       0       0       0       000010000D0000611
     110       0   -2415       1       0                               0D0000612
     110     336       0       0       0       0       0       000010000D0000613
     110       0   -2415       1       0                               0D0000614
     100     337       0       0       0       0     617       000010000D0000615
     100       0   -2415       1       0                               0D0000616
     124     338       0       0       0       0       0       000000000D0000617
     124       0       0       2       0                               0D0000618
     110     340       0       0       0       0       0       000010000D0000619
     110       0   -2415       1       0                               0D0000620
     100     341       0       0       0       0     623       000010000D0000621
     100       0   -2415       1       0                               0D0000622
     124     342       0       0       0       0       0       000000000D0000623
     124       0       0       2       0                               0D0000624
     110     344       0       0       0       0       0       000010000D0000625
     110       0   -2415       1       0                               0D0000626
     110     345       0       0       0       0       0       000010000D0000627
     110       0   -2415       1       0                               0D0000628
     110     346       0       0       0       0       0       000010000D0000629
     110       0   -2415       1       0                               0D0000630
     100     347       0       0       0       0     633       000010000D0000631
     100       0   -2415       1       0                               0D0000632
     124     348       0       0       0       0       0       000000000D0000633
     124       0       0       2       0                               0D0000634
     110     350       0       0       0       0       0       000010000D0000635
     110       0   -2415       1       0                               0D0000636
     100     351       0       0       0       0     639       000010000D0000637
     100       0   -2415       1       0                               0D0000638
     124     352       0       0       0       0       0       000000000D0000639
     124       0       0       2       0                               0D0000640
     402     354       0       0       0       0       0       000020000D0000641
     402       0       0       1       1                               0D0000642
     144     355       0       0       0       0       0       000020000D0000643
     144       0   -2415       1       0                               0D0000644
     108     356       0       0       0       0       0       000010000D0000645
     108       0       0       1       0                               0D0000646
     142     357       0       0       0       0       0       000010500D0000647
     142       0       0       1       0                               0D0000648
     102     358       0       0       0       0       0       000010000D0000649
     102       0       0       1       0                               0D0000650
     110     359       0       0       0       0       0       000010000D0000651
     110       0       0       1       0                               0D0000652
     110     360       0       0       0       0       0       000010000D0000653
     110       0       0       1       0                               0D0000654
     110     361       0       0       0       0       0       000010000D0000655
     110       0       0       1       0                               0D0000656
     110     362       0       0       0       0       0       000010000D0000657
     110       0       0       1       0                               0D0000658
     144     363       0       0       0       0       0       000020000D0000659
     144       0   -2415       1       0                               0D0000660
     108     364       0       0       0       0       0       000010000D0000661
     108       0       0       1       0                               0D0000662
     142     365       0       0       0       0       0       000010500D0000663
     142       0       0       1       0                               0D0000664
     102     366       0       0       0       0       0       000010000D0000665
     102       0       0       1       0                               0D0000666
     110     367       0       0       0       0       0       000010000D0000667
     110       0   -2415       1       0                               0D0000668
     110     368       0       0       0       0       0       000010000D0000669
     110       0       0       1       0                               0D0000670
     110     369       0       0       0       0       0       000010000D0000671
     110       0       0       1       0                               0D0000672
     110     370       0       0       0       0       0       000010000D0000673
     110       0       0       1       0                               0D0000674
     144     371       0       0       0       0       0       000020000D0000675
     144       0   -2415       1       0                               0D0000676
     108     372       0       0       0       0       0       000010000D0000677
     108       0       0       1       0                               0D0000678
     142     373       0       0       0       0       0       000010500D0000679
     142       0       0       1       0                               0D0000680
     102     374       0       0       0       0       0       000010000D0000681
     102       0       0       1       0                               0D0000682
     110     375       0       0       0       0       0       000010000D0000683
     110       0   -2415       1       0                               0D0000684
     110     376       0       0       0       0       0       000010000D0000685
     110       0       0       1       0                               0D0000686
     110     377       0       0       0       0       0       000010000D0000687
     110       0       0       1       0                               0D0000688
     110     378       0       0       0       0       0       000010000D0000689
     110       0       0       1       0                               0D0000690
     144     379       0       0       0       0       0       000020000D0000691
     144       0   -2415       1       0                               0D0000692
     108     380       0       0       0       0       0       000010000D0000693
     108       0       0       2       0                               0D0000694
     142     382       0       0       0       0       0       000010500D0000695
     142       0       0       1       0                               0D0000696
     102     383       0       0       0       0       0       000010000D0000697
     102       0       0       1       0                               0D0000698
     110     384       0       0       0       0       0       000010000D0000699
     110       0       0       1       0                               0D0000700
     110     385       0       0       0       0       0       000010000D0000701
     110       0       0       1       0                               0D0000702
     110     386       0       0       0       0       0       000010000D0000703
     110       0       0       1       0                               0D0000704
     110     387       0       0       0       0       0       000010000D0000705
     110       0       0       1       0                               0D0000706
     144     388       0       0       0       0       0       000020000D0000707
     144       0   -2415       1       0                               0D0000708
     108     389       0       0       0       0       0       000010000D0000709
     108       0       0       2       0                               0D0000710
     142     391       0       0       0       0       0       000010500D0000711
     142       0       0       1       0                               0D0000712
     102     392       0       0       0       0       0       000010000D0000713
     102       0       0       1       0                               0D0000714
     110     393       0       0       0       0       0       000010000D0000715
     110       0       0       1       0                               0D0000716
     110     394       0       0       0       0       0       000010000D0000717
     110       0       0       1       0                               0D0000718
     110     395       0       0       0       0       0       000010000D0000719
     110       0       0       1       0                               0D0000720
     110     396       0       0       0       0       0       000010000D0000721
     110       0       0       1       0                               0D0000722
     144     397       0       0       0       0       0       000020000D0000723
     144       0   -2415       1       0                               0D0000724
     108     398       0       0       0       0       0       000010000D0000725
     108       0       0       1       0                               0D0000726
     142     399       0       0       0       0       0       000010500D0000727
     142       0       0       1       0                               0D0000728
     102     400       0       0       0       0       0       000010000D0000729
     102       0       0       1       0                               0D0000730
     110     401       0       0       0       0       0       000010000D0000731
     110       0       0       1       0                               0D0000732
     110     402       0       0       0       0       0       000010000D0000733
     110       0       0       1       0                               0D0000734
     110     403       0       0       0       0       0       000010000D0000735
     110       0       0       1       0                               0D0000736
     110     404       0       0       0       0       0       000010000D0000737
     110       0       0       1       0                               0D0000738
     144     405       0       0       0       0       0       000020000D0000739
     144       0   -2415       1       0                               0D0000740
     108     406       0       0       0       0       0       000010000D0000741
     108       0       0       1       0                               0D0000742
     142     407       0       0       0       0       0       000010500D0000743
     142       0       0       1       0                               0D0000744
     102     408       0       0       0       0       0       000010000D0000745
     102       0       0       1       0                               0D0000746
     110     409       0       0       0       0       0       000010000D0000747
     110       0       0       1       0                               0D0000748
     110     410       0       0       0       0       0       000010000D0000749
     110       0       0       1       0                               0D0000750
     110     411       0       0       0       0       0       000010000D0000751
     110       0       0       1       0                               0D0000752
     110     412       0       0       0       0       0       000010000D0000753
     110       0       0       1       0                               0D0000754
     144     413       0       0       0       0       0       000020000D0000755
     144       0   -2415       1       0                               0D0000756
     108     414       0       0       0       0       0       000010000D0000757
     108       0       0       1       0                               0D0000758
     142     415       0       0       0       0       0       000010500D0000759
     142       0       0       1       0                               0D0000760
     102     416       0       0       0       0       0       000010000D0000761
     102       0       0       1       0                               0D0000762
     110     417       0       0       0       0       0       000010000D0000763
     110       0   -2415       1       0                               0D0000764
     110     418       0       0       0       0       0       000010000D0000765
     110       0       0       1       0                               0D0000766
     110     419       0       0       0       0       0       000010000D0000767
     110       0   -2415       1       0                               0D0000768
     110     420       0       0       0       0       0       000010000D0000769
     110       0       0       1       0                               0D0000770
     144     421       0       0       0       0       0       000020000D0000771
     144       0   -2415       1       0                               0D0000772
     120     422       0       0       0       0     775       000010000D0000773
     120       0       0       1       0                               0D0000774
     124     423       0       0       0       0       0       000000000D0000775
     124       0       0       1       0                               0D0000776
     110     424       0       0       0       0       0       000010000D0000777
     110       0       0       1       0                               0D0000778
     110     425       0       0       0       0       0       000010000D0000779
     110       0       0       1       0                               0D0000780
     142     426       0       0       0       0       0       000010500D0000781
     142       0       0       1       0                               0D0000782
     102     427       0       0       0       0       0       000010000D0000783
     102       0       0       1       0                               0D0000784
     110     428       0       0       0       0       0       000010000D0000785
     110       0   -2415       1       0                               0D0000786
     110     429       0       0       0       0       0       000010000D0000787
     110       0       0       2       0                               0D0000788
     110     431       0       0       0       0       0       000010000D0000789
     110       0   -2415       1       0                               0D0000790
     110     432       0       0       0       0       0       000010000D0000791
     110       0       0       1       0                               0D0000792
     102     433       0       0       0       0       0       000010000D0000793
     102       0       0       1       0                               0D0000794
     110     434       0       0       0       0       0       000010000D0000795
     110       0       0       1       0                               0D0000796
     100     435       0       0       0       0     799       000010000D0000797
     100       0       0       1       0                               0D0000798
     124     436       0       0       0       0       0       000000000D0000799
     124       0       0       2       0                               0D0000800
     110     438       0       0       0       0       0       000010000D0000801
     110       0       0       1       0                               0D0000802
     100     439       0       0       0       0     805       000010000D0000803
     100       0       0       1       0                               0D0000804
     124     440       0       0       0       0       0       000000000D0000805
     124       0       0       2       0                               0D0000806
     144     442       0       0       0       0       0       000020000D0000807
     144       0   -2415       1       0                               0D0000808
     120     443       0       0       0       0     811       000010000D0000809
     120       0       0       1       0                               0D0000810
     124     444       0       0       0       0       0       000000000D0000811
     124       0       0       1       1                               0D0000812
     110     445       0       0       0       0       0       000010000D0000813
     110       0       0       1       0                               0D0000814
     110     446       0       0       0       0       0       000010000D0000815
     110       0       0       1       0                               0D0000816
     142     447       0       0       0       0       0       000010500D0000817
     142       0       0       1       0                               0D0000818
     102     448       0       0       0       0       0       000010000D0000819
     102       0       0       1       0                               0D0000820
     110     449       0       0       0       0       0       000010000D0000821
     110       0   -2415       1       0                               0D0000822
     110     450       0       0       0       0       0       000010000D0000823
     110       0       0       1       0                               0D0000824
     110     451       0       0       0       0       0       000010000D0000825
     110       0   -2415       1       0                               0D0000826
     110     452       0       0       0       0       0       000010000D0000827
     110       0       0       2       0                               0D0000828
     102     454       0       0       0       0       0       000010000D0000829
     102       0       0       1       0                               0D0000830
     110     455       0       0       0       0       0       000010000D0000831
     110       0       0       1       0                               0D0000832
     100     456       0       0       0       0     835       000010000D0000833
     100       0       0       1       0                               0D0000834
     124     457       0       0       0       0       0       000000000D0000835
     124       0       0       2       0                               0D0000836
     110     459       0       0       0       0       0       000010000D0000837
     110       0       0       1       0                               0D0000838
     100     460       0       0       0       0     841       000010000D0000839
     100       0       0       1       0                               0D0000840
     124     461       0       0       0       0       0       000000000D0000841
     124       0       0       2       0                               0D0000842
     144     463       0       0       0       0       0       000020000D0000843
     144       0   -2415       1       0                               0D0000844
     120     464       0       0       0       0     847       000010000D0000845
     120       0       0       1       0                               0D0000846
     124     465       0       0       0       0       0       000000000D0000847
     124       0       0       1       1                               0D0000848
     110     466       0       0       0       0       0       000010000D0000849
     110       0       0       1       0                               0D0000850
     110     467       0       0       0       0       0       000010000D0000851
     110       0       0       1       0                               0D0000852
     142     468       0       0       0       0       0       000010500D0000853
     142       0       0       1       0                               0D0000854
     102     469       0       0       0       0       0       000010000D0000855
     102       0       0       1       0                               0D0000856
     110     470       0       0       0       0       0       000010000D0000857
     110       0   -2415       1       0                               0D0000858
     110     471       0       0       0       0       0       000010000D0000859
     110       0       0       1       0                               0D0000860
     110     472       0       0       0       0       0       000010000D0000861
     110       0   -2415       1       0                               0D0000862
     110     473       0       0       0       0       0       000010000D0000863
     110       0       0       2       0                               0D0000864
     102     475       0       0       0       0       0       000010000D0000865
     102       0       0       1       0                               0D0000866
     110     476       0       0       0       0       0       000010000D0000867
     110       0       0       1       0                               0D0000868
     100     477       0       0       0       0     871       000010000D0000869
     100       0       0       1       0                               0D0000870
     124     478       0       0       0       0       0       000000000D0000871
     124       0       0       2       0                               0D0000872
     110     480       0       0       0       0       0       000010000D0000873
     110       0       0       1       0                               0D0000874
     100     481       0       0       0       0     877       000010000D0000875
     100       0       0       1       0                               0D0000876
     124     482       0       0       0       0       0       000000000D0000877
     124       0       0       2       0                               0D0000878
     144     484       0       0       0       0       0       000020000D0000879
     144       0   -2415       1       0                               0D0000880
     120     485       0       0       0       0     883       000010000D0000881
     120       0       0       1       0                               0D0000882
     124     486       0       0       0       0       0       000000000D0000883
     124       0       0       1       0                               0D0000884
     110     487       0       0       0       0       0       000010000D0000885
     110       0       0       1       0                               0D0000886
     110     488       0       0       0       0       0       000010000D0000887
     110       0       0       1       0                               0D0000888
     142     489       0       0       0       0       0       000010500D0000889
     142       0       0       1       0                               0D0000890
     102     490       0       0       0       0       0       000010000D0000891
     102       0       0       1       0                               0D0000892
     110     491       0       0       0       0       0       000010000D0000893
     110       0   -2415       1       0                               0D0000894
     110     492       0       0       0       0       0       000010000D0000895
     110       0       0       2       0                               0D0000896
     110     494       0       0       0       0       0       000010000D0000897
     110       0   -2415       1       0                               0D0000898
     110     495       0       0       0       0       0       000010000D0000899
     110       0       0       1       0                               0D0000900
     102     496       0       0       0       0       0       000010000D0000901
     102       0       0       1       0                               0D0000902
     110     497       0       0       0       0       0       000010000D0000903
     110       0       0       1       0                               0D0000904
     100     498       0       0       0       0     907       000010000D0000905
     100       0       0       1       0                               0D0000906
     124     499       0       0       0       0       0       000000000D0000907
     124       0       0       2       0                               0D0000908
     110     501       0       0       0       0       0       000010000D0000909
     110       0       0       1       0                               0D0000910
     100     502       0       0       0       0     913       000010000D0000911
     100       0       0       1       0                               0D0000912
     124     503       0       0       0       0       0       000000000D0000913
     124       0       0       2       0                               0D0000914
     144     505       0       0       0       0       0       000020000D0000915
     144       0   -2415       1       0                               0D0000916
     108     506       0       0       0       0       0       000010000D0000917
     108       0       0       1       0                               0D0000918
     142     507       0       0       0       0       0       000010500D0000919
     142       0       0       1       0                               0D0000920
     102     508       0       0       0       0       0       000010000D0000921
     102       0       0       1       0                               0D0000922
     110     509       0       0       0       0       0       000010000D0000923
     110       0   -2415       1       0                               0D0000924
     110     510       0       0       0       0       0       000010000D0000925
     110       0   -2415       1       0                               0D0000926
     110     511       0       0       0       0       0       000010000D0000927
     110       0   -2415       1       0                               0D0000928
     100     512       0       0       0       0     931       000010000D0000929
     100       0   -2415       1       0                               0D0000930
     124     513       0       0       0       0       0       000000000D0000931
     124       0       0       2       0                               0D0000932
     110     515       0       0       0       0       0       000010000D0000933
     110       0   -2415       1       0                               0D0000934
     100     516       0       0       0       0     937       000010000D0000935
     100       0   -2415       1       0                               0D0000936
     124     517       0       0       0       0       0       000000000D0000937
     124       0       0       2       0                               0D0000938
     110     519       0       0       0       0       0       000010000D0000939
     110       0   -2415       1       0                               0D0000940
     110     520       0       0       0       0       0       000010000D0000941
     110       0   -2415       1       0                               0D0000942
     110     521       0       0       0       0       0       000010000D0000943
     110       0   -2415       1       0                               0D0000944
     100     522       0       0       0       0     947       000010000D0000945
     100       0   -2415       1       0                               0D0000946
     124     523       0       0       0       0       0       000000000D0000947
     124       0       0       2       0                               0D0000948
     110     525       0       0       0       0       0       000010000D0000949
     110       0   -2415       1       0                               0D0000950
     100     526       0       0       0       0     953       000010000D0000951
     100       0   -2415       1       0                               0D0000952
     124     527       0       0       0       0       0       000000000D0000953
     124       0       0       2       0                               0D0000954
     144     529       0       0       0       0       0       000020000D0000955
     144       0   -2415       1       0                               0D0000956
     108     530       0       0       0       0       0       000010000D0000957
     108       0       0       1       0                               0D0000958
     142     531       0       0       0       0       0       000010500D0000959
     142       0       0       1       0                               0D0000960
     102     532       0       0       0       0       0       000010000D0000961
     102       0       0       1       0                               0D0000962
     110     533       0       0       0       0       0       000010000D0000963
     110       0   -2415       1       0                               0D0000964
     110     534       0       0       0       0       0       000010000D0000965
     110       0   -2415       1       0                               0D0000966
     110     535       0       0       0       0       0       000010000D0000967
     110       0   -2415       1       0                               0D0000968
     100     536       0       0       0       0     971       000010000D0000969
     100       0   -2415       1       0                               0D0000970
     124     537       0       0       0       0       0       000000000D0000971
     124       0       0       2       0                               0D0000972
     110     539       0       0       0       0       0       000010000D0000973
     110       0   -2415       1       0                               0D0000974
     100     540       0       0       0       0     977       000010000D0000975
     100       0   -2415       1       0                               0D0000976
     124     541       0       0       0       0       0       000000000D0000977
     124       0       0       2       0                               0D0000978
     110     543       0       0       0       0       0       000010000D0000979
     110       0   -2415       1       0                               0D0000980
     110     544       0       0       0       0       0       000010000D0000981
     110       0   -2415       1       0                               0D0000982
     110     545       0       0       0       0       0       000010000D0000983
     110       0   -2415       1       0                               0D0000984
     100     546       0       0       0       0     987       000010000D0000985
     100       0   -2415       1       0                               0D0000986
     124     547       0       0       0       0       0       000000000D0000987
     124       0       0       2       0                               0D0000988
     110     549       0       0       0       0       0       000010000D0000989
     110       0   -2415       1       0                               0D0000990
     100     550       0       0       0       0     993       000010000D0000991
     100       0   -2415       1       0                               0D0000992
     124     551       0       0       0       0       0       000000000D0000993
     124       0       0       2       0                               0D0000994
     402     553       0       0       0       0       0       000020000D0000995
     402       0       0       2       1                               0D0000996
     144     555       0       0       0       0       0       000020000D0000997
     144       0   -2415       1       0                               0D0000998
     108     556       0       0       0       0       0       000010000D0000999
     108       0       0       1       0                               0D0001000
     142     557       0       0       0       0       0       000010500D0001001
     142       0       0       1       0                               0D0001002
     102     558       0       0       0       0       0       000010000D0001003
     102       0       0       1       0                               0D0001004
     110     559       0       0       0       0       0       000010000D0001005
     110       0       0       1       0                               0D0001006
     110     560       0       0       0       0       0       000010000D0001007
     110       0       0       1       0                               0D0001008
     110     561       0       0       0       0       0       000010000D0001009
     110       0       0       1       0                               0D0001010
     110     562       0       0       0       0       0       000010000D0001011
     110       0       0       1       0                               0D0001012
     144     563       0       0       0       0       0       000020000D0001013
     144       0   -2415       1       0                               0D0001014
     108     564       0       0       0       0       0       000010000D0001015
     108       0       0       1       0                               0D0001016
     142     565       0       0       0       0       0       000010500D0001017
     142       0       0       1       0                               0D0001018
     102     566       0       0       0       0       0       000010000D0001019
     102       0       0       1       0                               0D0001020
     110     567       0       0       0       0       0       000010000D0001021
     110       0   -2415       1       0                               0D0001022
     110     568       0       0       0       0       0       000010000D0001023
     110       0       0       1       0                               0D0001024
     110     569       0       0       0       0       0       000010000D0001025
     110       0       0       1       0                               0D0001026
     110     570       0       0       0       0       0       000010000D0001027
     110       0       0       1       0                               0D0001028
     144     571       0       0       0       0       0       000020000D0001029
     144       0   -2415       1       0                               0D0001030
     108     572       0       0       0       0       0       000010000D0001031
     108       0       0       1       0                               0D0001032
     142     573       0       0       0       0       0       000010500D0001033
     142       0       0       1       0                               0D0001034
     102     574       0       0       0       0       0       000010000D0001035
     102       0       0       1       0                               0D0001036
     110     575       0       0       0       0       0       000010000D0001037
     110       0   -2415       1       0                               0D0001038
     110     576       0       0       0       0       0       000010000D0001039
     110       0       0       1       0                               0D0001040
     110     577       0       0       0       0       0       000010000D0001041
     110       0       0       1       0                               0D0001042
     110     578       0       0       0       0       0       000010000D0001043
     110       0       0       1       0                               0D0001044
     144     579       0       0       0       0       0       000020000D0001045
     144       0   -2415       1       0                               0D0001046
     108     580       0       0       0       0       0       000010000D0001047
     108       0       0       2       0                               0D0001048
     142     582       0       0       0       0       0       000010500D0001049
     142       0       0       1       0                               0D0001050
     102     583       0       0       0       0       0       000010000D0001051
     102       0       0       1       0                               0D0001052
     110     584       0       0       0       0       0       000010000D0001053
     110       0       0       1       0                               0D0001054
     110     585       0       0       0       0       0       000010000D0001055
     110       0       0       1       0                               0D0001056
     110     586       0       0       0       0       0       000010000D0001057
     110       0       0       1       0                               0D0001058
     110     587       0       0       0       0       0       000010000D0001059
     110       0       0       1       0                               0D0001060
     144     588       0       0       0       0       0       000020000D0001061
     144       0   -2415       1       0                               0D0001062
     108     589       0       0       0       0       0       000010000D0001063
     108       0       0       2       0                               0D0001064
     142     591       0       0       0       0       0       000010500D0001065
     142       0       0       1       0                               0D0001066
     102     592       0       0       0       0       0       000010000D0001067
     102       0       0       1       0                               0D0001068
     110     593       0       0       0       0       0       000010000D0001069
     110       0       0       1       0                               0D0001070
     110     594       0       0       0       0       0       000010000D0001071
     110       0       0       1       0                               0D0001072
     110     595       0       0       0       0       0       000010000D0001073
     110       0       0       1       0                               0D0001074
     110     596       0       0       0       0       0       000010000D0001075
     110       0       0       1       0                               0D0001076
     144     597       0       0       0       0       0       000020000D0001077
     144       0   -2415       1       0                               0D0001078
     108     598       0       0       0       0       0       000010000D0001079
     108       0       0       1       0                               0D0001080
     142     599       0       0       0       0       0       000010500D0001081
     142       0       0       1       0                               0D0001082
     102     600       0       0       0       0       0       000010000D0001083
     102       0       0       1       0                               0D0001084
     110     601       0       0       0       0       0       000010000D0001085
     110       0       0       1       0                               0D0001086
     110     602       0       0       0       0       0       000010000D0001087
     110       0       0       1       0                               0D0001088
     110     603       0       0       0       0       0       000010000D0001089
     110       0       0       1       0                               0D0001090
     110     604       0       0       0       0       0       000010000D0001091
     110       0       0       1       0                               0D0001092
     144     605       0       0       0       0       0       000020000D0001093
     144       0   -2415       1       0                               0D0001094
     108     606       0       0       0       0       0       000010000D0001095
     108       0       0       1       0                               0D0001096
     142     607       0       0       0       0       0       000010500D0001097
     142       0       0       1       0                               0D0001098
     102     608       0       0       0       0       0       000010000D0001099
     102       0       0       1       0                               0D0001100
     110     609       0       0       0       0       0       000010000D0001101
     110       0       0       1       0                               0D0001102
     110     610       0       0       0       0       0       000010000D0001103
     110       0       0       1       0                               0D0001104
     110     611       0       0       0       0       0       000010000D0001105
     110       0       0       1       0                               0D0001106
     110     612       0       0       0       0       0       000010000D0001107
     110       0       0       1       0                               0D0001108
     144     613       0       0       0       0       0       000020000D0001109
     144       0   -2415       1       0                               0D0001110
     108     614       0       0       0       0       0       000010000D0001111
     108       0       0       1       0                               0D0001112
     142     615       0       0       0       0       0       000010500D0001113
     142       0       0       1       0                               0D0001114
     102     616       0       0       0       0       0       000010000D0001115
     102       0       0       1       0                               0D0001116
     110     617       0       0       0       0       0       000010000D0001117
     110       0   -2415       1       0                               0D0001118
     110     618       0       0       0       0       0       000010000D0001119
     110       0       0       1       0                               0D0001120
     110     619       0       0       0       0       0       000010000D0001121
     110       0   -2415       1       0                               0D0001122
     110     620       0       0       0       0       0       000010000D0001123
     110       0       0       1       0                               0D0001124
     144     621       0       0       0       0       0       000020000D0001125
     144       0   -2415       1       0                               0D0001126
     120     622       0       0       0       0    1129       000010000D0001127
     120       0       0       1       0                               0D0001128
     124     623       0       0       0       0       0       000000000D0001129
     124       0       0       1       0                               0D0001130
     110     624       0       0       0       0       0       000010000D0001131
     110       0       0       1       0                               0D0001132
     110     625       0       0       0       0       0       000010000D0001133
     110       0       0       1       0                               0D0001134
     142     626       0       0       0       0       0       000010500D0001135
     142       0       0       1       0                               0D0001136
     102     627       0       0       0       0       0       000010000D0001137
     102       0       0       1       0                               0D0001138
     110     628       0       0       0       0       0       000010000D0001139
     110       0   -2415       1       0                               0D0001140
     110     629       0       0       0       0       0       000010000D0001141
     110       0       0       2       0                               0D0001142
     110     631       0       0       0       0       0       000010000D0001143
     110       0   -2415       1       0                               0D0001144
     110     632       0       0       0       0       0       000010000D0001145
     110       0       0       1       0                               0D0001146
     102     633       0       0       0       0       0       000010000D0001147
     102       0       0       1       0                               0D0001148
     110     634       0       0       0       0       0       000010000D0001149
     110       0       0       1       0                               0D0001150
     100     635       0       0       0       0    1153       000010000D0001151
     100       0       0       1       0                               0D0001152
     124     636       0       0       0       0       0       000000000D0001153
     124       0       0       2       0                               0D0001154
     110     638       0       0       0       0       0       000010000D0001155
     110       0       0       1       0                               0D0001156
     100     639       0       0       0       0    1159       000010000D0001157
     100       0       0       1       0                               0D0001158
     124     640       0       0       0       0       0       000000000D0001159
     124       0       0       2       0                               0D0001160
     144     642       0       0       0       0       0       000020000D0001161
     144       0   -2415       1       0                               0D0001162
     120     643       0       0       0       0    1165       000010000D0001163
     120       0       0       1       0                               0D0001164
     124     644       0       0       0       0       0       000000000D0001165
     124       0       0       1       1                               0D0001166
     110     645       0       0       0       0       0       000010000D0001167
     110       0       0       1       0                               0D0001168
     110     646       0       0       0       0       0       000010000D0001169
     110       0       0       1       0                               0D0001170
     142     647       0       0       0       0       0       000010500D0001171
     142       0       0       1       0                               0D0001172
     102     648       0       0       0       0       0       000010000D0001173
     102       0       0       1       0                               0D0001174
     110     649       0       0       0       0       0       000010000D0001175
     110       0   -2415       1       0                               0D0001176
     110     650       0       0       0       0       0       000010000D0001177
     110       0       0       1       0                               0D0001178
     110     651       0       0       0       0       0       000010000D0001179
     110       0   -2415       1       0                               0D0001180
     110     652       0       0       0       0       0       000010000D0001181
     110       0       0       2       0                               0D0001182
     102     654       0       0       0       0       0       000010000D0001183
     102       0       0       1       0                               0D0001184
     110     655       0       0       0       0       0       000010000D0001185
     110       0       0       1       0                               0D0001186
     100     656       0       0       0       0    1189       000010000D0001187
     100       0       0       1       0                               0D0001188
     124     657       0       0       0       0       0       000000000D0001189
     124       0       0       2       0                               0D0001190
     110     659       0       0       0       0       0       000010000D0001191
     110       0       0       1       0                               0D0001192
     100     660       0       0       0       0    1195       000010000D0001193
     100       0       0       1       0                               0D0001194
     124     661       0       0       0       0       0       000000000D0001195
     124       0       0       2       0                               0D0001196
     144     663       0       0       0       0       0       000020000D0001197
     144       0   -2415       1       0                               0D0001198
     120     664       0       0       0       0    1201       000010000D0001199
     120       0       0       1       0                               0D0001200
     124     665       0       0       0       0       0       000000000D0001201
     124       0       0       1       1                               0D0001202
     110     666       0       0       0       0       0       000010000D0001203
     110       0       0       1       0                               0D0001204
     110     667       0       0       0       0       0       000010000D0001205
     110       0       0       1       0                               0D0001206
     142     668       0       0       0       0       0       000010500D0001207
     142       0       0       1       0                               0D0001208
     102     669       0       0       0       0       0       000010000D0001209
     102       0       0       1       0                               0D0001210
     110     670       0       0       0       0       0       000010000D0001211
     110       0   -2415       1       0                               0D0001212
     110     671       0       0       0       0       0       000010000D0001213
     110       0       0       1       0                               0D0001214
     110     672       0       0       0       0       0       000010000D0001215
     110       0   -2415       1       0                               0D0001216
     110     673       0       0       0       0       0       000010000D0001217
     110       0       0       2       0                               0D0001218
     102     675       0       0       0       0       0       000010000D0001219
     102       0       0       1       0                               0D0001220
     110     676       0       0       0       0       0       000010000D0001221
     110       0       0       1       0                               0D0001222
     100     677       0       0       0       0    1225       000010000D0001223
     100       0       0       1       0                               0D0001224
     124     678       0       0       0       0       0       000000000D0001225
     124       0       0       2       0                               0D0001226
     110     680       0       0       0       0       0       000010000D0001227
     110       0       0       1       0                               0D0001228
     100     681       0       0       0       0    1231       000010000D0001229
     100       0       0       1       0                               0D0001230
     124     682       0       0       0       0       0       000000000D0001231
     124       0       0       2       0                               0D0001232
     144     684       0       0       0       0       0       000020000D0001233
     144       0   -2415       1       0                               0D0001234
     120     685       0       0       0       0    1237       000010000D0001235
     120       0       0       1       0                               0D0001236
     124     686       0       0       0       0       0       000000000D0001237
     124       0       0       1       0                               0D0001238
     110     687       0       0       0       0       0       000010000D0001239
     110       0       0       1       0                               0D0001240
     110     688       0       0       0       0       0       000010000D0001241
     110       0       0       1       0                               0D0001242
     142     689       0       0       0       0       0       000010500D0001243
     142       0       0       1       0                               0D0001244
     102     690       0       0       0       0       0       000010000D0001245
     102       0       0       1       0                               0D0001246
     110     691       0       0       0       0       0       000010000D0001247
     110       0   -2415       1       0                               0D0001248
     110     692       0       0       0       0       0       000010000D0001249
     110       0       0       2       0                               0D0001250
     110     694       0       0       0       0       0       000010000D0001251
     110       0   -2415       1       0                               0D0001252
     110     695       0       0       0       0       0       000010000D0001253
     110       0       0       1       0                               0D0001254
     102     696       0       0       0       0       0       000010000D0001255
     102       0       0       1       0                               0D0001256
     110     697       0       0       0       0       0       000010000D0001257
     110       0       0       1       0                               0D0001258
     100     698       0       0       0       0    1261       000010000D0001259
     100       0       0       1       0                               0D0001260
     124     699       0       0       0       0       0       000000000D0001261
     124       0       0       2       0                               0D0001262
     110     701       0       0       0       0       0       000010000D0001263
     110       0       0       1       0                               0D0001264
     100     702       0       0       0       0    1267       000010000D0001265
     100       0       0       1       0                               0D0001266
     124     703       0       0       0       0       0       000000000D0001267
     124       0       0       2       0                               0D0001268
     144     705       0       0       0       0       0       000020000D0001269
     144       0   -2415       1       0                               0D0001270
     108     706       0       0       0       0       0       000010000D0001271
     108       0       0       1       0                               0D0001272
     142     707       0       0       0       0       0       000010500D0001273
     142       0       0       1       0                               0D0001274
     102     708       0       0       0       0       0       000010000D0001275
     102       0       0       2       0                               0D0001276
     110     710       0       0       0       0       0       000010000D0001277
     110       0   -2415       1       0                               0D0001278
     110     711       0       0       0       0       0       000010000D0001279
     110       0   -2415       1       0                               0D0001280
     110     712       0       0       0       0       0       000010000D0001281
     110       0   -2415       1       0                               0D0001282
     100     713       0       0       0       0    1285       000010000D0001283
     100       0   -2415       1       0                               0D0001284
     124     714       0       0       0       0       0       000000000D0001285
     124       0       0       2       0                               0D0001286
     110     716       0       0       0       0       0       000010000D0001287
     110       0   -2415       1       0                               0D0001288
     100     717       0       0       0       0    1291       000010000D0001289
     100       0   -2415       1       0                               0D0001290
     124     718       0       0       0       0       0       000000000D0001291
     124       0       0       2       0                               0D0001292
     110     720       0       0       0       0       0       000010000D0001293
     110       0   -2415       1       0                               0D0001294
     110     721       0       0       0       0       0       000010000D0001295
     110       0   -2415       1       0                               0D0001296
     110     722       0       0       0       0       0       000010000D0001297
     110       0   -2415       1       0                               0D0001298
     100     723       0       0       0       0    1301       000010000D0001299
     100       0   -2415       1       0                               0D0001300
     124     724       0       0       0       0       0       000000000D0001301
     124       0       0       2       0                               0D0001302
     110     726       0       0       0       0       0       000010000D0001303
     110       0   -2415       1       0                               0D0001304
     100     727       0       0       0       0    1307       000010000D0001305
     100       0   -2415       1       0                               0D0001306
     124     728       0       0       0       0       0       000000000D0001307
     124       0       0       2       0                               0D0001308
     144     730       0       0       0       0       0       000020000D0001309
     144       0   -2415       1       0                               0D0001310
     108     731       0       0       0       0       0       000010000D0001311
     108       0       0       1       0                               0D0001312
     142     732       0       0       0       0       0       000010500D0001313
     142       0       0       1       0                               0D0001314
     102     733       0       0       0       0       0       000010000D0001315
     102       0       0       2       0                               0D0001316
     110     735       0       0       0       0       0       000010000D0001317
     110       0   -2415       1       0                               0D0001318
     110     736       0       0       0       0       0       000010000D0001319
     110       0   -2415       1       0                               0D0001320
     110     737       0       0       0       0       0       000010000D0001321
     110       0   -2415       1       0                               0D0001322
     100     738       0       0       0       0    1325       000010000D0001323
     100       0   -2415       1       0                               0D0001324
     124     739       0       0       0       0       0       000000000D0001325
     124       0       0       2       0                               0D0001326
     110     741       0       0       0       0       0       000010000D0001327
     110       0   -2415       1       0                               0D0001328
     100     742       0       0       0       0    1331       000010000D0001329
     100       0   -2415       1       0                               0D0001330
     124     743       0       0       0       0       0       000000000D0001331
     124       0       0       2       0                               0D0001332
     110     745       0       0       0       0       0       000010000D0001333
     110       0   -2415       1       0                               0D0001334
     110     746       0       0       0       0       0       000010000D0001335
     110       0   -2415       1       0                               0D0001336
     110     747       0       0       0       0       0       000010000D0001337
     110       0   -2415       1       0                               0D0001338
     100     748       0       0       0       0    1341       000010000D0001339
     100       0   -2415       1       0                               0D0001340
     124     749       0       0       0       0       0       000000000D0001341
     124       0       0       2       0                               0D0001342
     110     751       0       0       0       0       0       000010000D0001343
     110       0   -2415       1       0                               0D0001344
     100     752       0       0       0       0    1347       000010000D0001345
     100       0   -2415       1       0                               0D0001346
     124     753       0       0       0       0       0       000000000D0001347
     124       0       0       2       0                               0D0001348
     402     755       0       0       0       0       0       000020000D0001349
     402       0       0       2       1                               0D0001350
     144     757       0       0       0       0       0       000020000D0001351
     144       0   -2415       1       0                               0D0001352
     108     758       0       0       0       0       0       000010000D0001353
     108       0       0       1       0                               0D0001354
     142     759       0       0       0       0       0       000010500D0001355
     142       0       0       1       0                               0D0001356
     102     760       0       0       0       0       0       000010000D0001357
     102       0       0       1       0                               0D0001358
     110     761       0       0       0       0       0       000010000D0001359
     110       0       0       1       0                               0D0001360
     110     762       0       0       0       0       0       000010000D0001361
     110       0       0       1       0                               0D0001362
     110     763       0       0       0       0       0       000010000D0001363
     110       0       0       1       0                               0D0001364
     110     764       0       0       0       0       0       000010000D0001365
     110       0       0       1       0                               0D0001366
     144     765       0       0       0       0       0       000020000D0001367
     144       0   -2415       1       0                               0D0001368
     108     766       0       0       0       0       0       000010000D0001369
     108       0       0       1       0                               0D0001370
     142     767       0       0       0       0       0       000010500D0001371
     142       0       0       1       0                               0D0001372
     102     768       0       0       0       0       0       000010000D0001373
     102       0       0       1       0                               0D0001374
     110     769       0       0       0       0       0       000010000D0001375
     110       0   -2415       1       0                               0D0001376
     110     770       0       0       0       0       0       000010000D0001377
     110       0       0       1       0                               0D0001378
     110     771       0       0       0       0       0       000010000D0001379
     110       0       0       1       0                               0D0001380
     110     772       0       0       0       0       0       000010000D0001381
     110       0       0       1       0                               0D0001382
     144     773       0       0       0       0       0       000020000D0001383
     144       0   -2415       1       0                               0D0001384
     108     774       0       0       0       0       0       000010000D0001385
     108       0       0       1       0                               0D0001386
     142     775       0       0       0       0       0       000010500D0001387
     142       0       0       1       0                               0D0001388
     102     776       0       0       0       0       0       000010000D0001389
     102       0       0       1       0                               0D0001390
     110     777       0       0       0       0       0       000010000D0001391
     110       0   -2415       1       0                               0D0001392
     110     778       0       0       0       0       0       000010000D0001393
     110       0       0       1       0                               0D0001394
     110     779       0       0       0       0       0       000010000D0001395
     110       0       0       1       0                               0D0001396
     110     780       0       0       0       0       0       000010000D0001397
     110       0       0       1       0                               0D0001398
     144     781       0       0       0       0       0       000020000D0001399
     144       0   -2415       1       0                               0D0001400
     108     782       0       0       0       0       0       000010000D0001401
     108       0       0       2       0                               0D0001402
     142     784       0       0       0       0       0       000010500D0001403
     142       0       0       1       0                               0D0001404
     102     785       0       0       0       0       0       000010000D0001405
     102       0       0       1       0                               0D0001406
     110     786       0       0       0       0       0       000010000D0001407
     110       0       0       1       0                               0D0001408
     110     787       0       0       0       0       0       000010000D0001409
     110       0       0       1       0                               0D0001410
     110     788       0       0       0       0       0       000010000D0001411
     110       0       0       1       0                               0D0001412
     110     789       0       0       0       0       0       000010000D0001413
     110       0       0       1       0                               0D0001414
     144     790       0       0       0       0       0       000020000D0001415
     144       0   -2415       1       0                               0D0001416
     108     791       0       0       0       0       0       000010000D0001417
     108       0       0       2       0                               0D0001418
     142     793       0       0       0       0       0       000010500D0001419
     142       0       0       1       0                               0D0001420
     102     794       0       0       0       0       0       000010000D0001421
     102       0       0       1       0                               0D0001422
     110     795       0       0       0       0       0       000010000D0001423
     110       0       0       1       0                               0D0001424
     110     796       0       0       0       0       0       000010000D0001425
     110       0       0       1       0                               0D0001426
     110     797       0       0       0       0       0       000010000D0001427
     110       0       0       1       0                               0D0001428
     110     798       0       0       0       0       0       000010000D0001429
     110       0       0       1       0                               0D0001430
     144     799       0       0       0       0       0       000020000D0001431
     144       0   -2415       1       0                               0D0001432
     108     800       0       0       0       0       0       000010000D0001433
     108       0       0       1       0                               0D0001434
     142     801       0       0       0       0       0       000010500D0001435
     142       0       0       1       0                               0D0001436
     102     802       0       0       0       0       0       000010000D0001437
     102       0       0       1       0                               0D0001438
     110     803       0       0       0       0       0       000010000D0001439
     110       0       0       1       0                               0D0001440
     110     804       0       0       0       0       0       000010000D0001441
     110       0       0       1       0                               0D0001442
     110     805       0       0       0       0       0       000010000D0001443
     110       0       0       1       0                               0D0001444
     110     806       0       0       0       0       0       000010000D0001445
     110       0       0       1       0                               0D0001446
     144     807       0       0       0       0       0       000020000D0001447
     144       0   -2415       1       0                               0D0001448
     108     808       0       0       0       0       0       000010000D0001449
     108       0       0       1       0                               0D0001450
     142     809       0       0       0       0       0       000010500D0001451
     142       0       0       1       0                               0D0001452
     102     810       0       0       0       0       0       000010000D0001453
     102       0       0       1       0                               0D0001454
     110     811       0       0       0       0       0       000010000D0001455
     110       0       0       1       0                               0D0001456
     110     812       0       0       0       0       0       000010000D0001457
     110       0       0       1       0                               0D0001458
     110     813       0       0       0       0       0       000010000D0001459
     110       0       0       1       0                               0D0001460
     110     814       0       0       0       0       0       000010000D0001461
     110       0       0       1       0                               0D0001462
     144     815       0       0       0       0       0       000020000D0001463
     144       0   -2415       1       0                               0D0001464
     108     816       0       0       0       0       0       000010000D0001465
     108       0       0       1       0                               0D0001466
     142     817       0       0       0       0       0       000010500D0001467
     142       0       0       1       0                               0D0001468
     102     818       0       0       0       0       0       000010000D0001469
     102       0       0       1       0                               0D0001470
     110     819       0       0       0       0       0       000010000D0001471
     110       0   -2415       1       0                               0D0001472
     110     820       0       0       0       0       0       000010000D0001473
     110       0       0       1       0                               0D0001474
     110     821       0       0       0       0       0       000010000D0001475
     110       0   -2415       1       0                               0D0001476
     110     822       0       0       0       0       0       000010000D0001477
     110       0       0       1       0                               0D0001478
     144     823       0       0       0       0       0       000020000D0001479
     144       0   -2415       1       0                               0D0001480
     120     824       0       0       0       0    1483       000010000D0001481
     120       0       0       1       0                               0D0001482
     124     825       0       0       0       0       0       000000000D0001483
     124       0       0       1       0                               0D0001484
     110     826       0       0       0       0       0       000010000D0001485
     110       0       0       1       0                               0D0001486
     110     827       0       0       0       0       0       000010000D0001487
     110       0       0       1       0                               0D0001488
     142     828       0       0       0       0       0       000010500D0001489
     142       0       0       1       0                               0D0001490
     102     829       0       0       0       0       0       000010000D0001491
     102       0       0       1       0                               0D0001492
     110     830       0       0       0       0       0       000010000D0001493
     110       0   -2415       1       0                               0D0001494
     110     831       0       0       0       0       0       000010000D0001495
     110       0       0       2       0                               0D0001496
     110     833       0       0       0       0       0       000010000D0001497
     110       0   -2415       1       0                               0D0001498
     110     834       0       0       0       0       0       000010000D0001499
     110       0       0       1       0                               0D0001500
     102     835       0       0       0       0       0       000010000D0001501
     102       0       0       1       0                               0D0001502
     110     836       0       0       0       0       0       000010000D0001503
     110       0       0       1       0                               0D0001504
     100     837       0       0       0       0    1507       000010000D0001505
     100       0       0       1       0                               0D0001506
     124     838       0       0       0       0       0       000000000D0001507
     124       0       0       2       0                               0D0001508
     110     840       0       0       0       0       0       000010000D0001509
     110       0       0       1       0                               0D0001510
     100     841       0       0       0       0    1513       000010000D0001511
     100       0       0       1       0                               0D0001512
     124     842       0       0       0       0       0       000000000D0001513
     124       0       0       2       0                               0D0001514
     144     844       0       0       0       0       0       000020000D0001515
     144       0   -2415       1       0                               0D0001516
     120     845       0       0       0       0    1519       000010000D0001517
     120       0       0       1       0                               0D0001518
     124     846       0       0       0       0       0       000000000D0001519
     124       0       0       1       1                               0D0001520
     110     847       0       0       0       0       0       000010000D0001521
     110       0       0       1       0                               0D0001522
     110     848       0       0       0       0       0       000010000D0001523
     110       0       0       1       0                               0D0001524
     142     849       0       0       0       0       0       000010500D0001525
     142       0       0       1       0                               0D0001526
     102     850       0       0       0       0       0       000010000D0001527
     102       0       0       1       0                               0D0001528
     110     851       0       0       0       0       0       000010000D0001529
     110       0   -2415       1       0                               0D0001530
     110     852       0       0       0       0       0       000010000D0001531
     110       0       0       1       0                               0D0001532
     110     853       0       0       0       0       0       000010000D0001533
     110       0   -2415       1       0                               0D0001534
     110     854       0       0       0       0       0       000010000D0001535
     110       0       0       2       0                               0D0001536
     102     856       0       0       0       0       0       000010000D0001537
     102       0       0       1       0                               0D0001538
     110     857       0       0       0       0       0       000010000D0001539
     110       0       0       1       0                               0D0001540
     100     858       0       0       0       0    1543       000010000D0001541
     100       0       0       1       0                               0D0001542
     124     859       0       0       0       0       0       000000000D0001543
     124       0       0       2       0                               0D0001544
     110     861       0       0       0       0       0       000010000D0001545
     110       0       0       1       0                               0D0001546
     100     862       0       0       0       0    1549       000010000D0001547
     100       0       0       1       0                               0D0001548
     124     863       0       0       0       0       0       000000000D0001549
     124       0       0       2       0                               0D0001550
     144     865       0       0       0       0       0       000020000D0001551
     144       0   -2415       1       0                               0D0001552
     120     866       0       0       0       0    1555       000010000D0001553
     120       0       0       1       0                               0D0001554
     124     867       0       0       0       0       0       000000000D0001555
     124       0       0       1       1                               0D0001556
     110     868       0       0       0       0       0       000010000D0001557
     110       0       0       1       0                               0D0001558
     110     869       0       0       0       0       0       000010000D0001559
     110       0       0       1       0                               0D0001560
     142     870       0       0       0       0       0       000010500D0001561
     142       0       0       1       0                               0D0001562
     102     871       0       0       0       0       0       000010000D0001563
     102       0       0       1       0                               0D0001564
     110     872       0       0       0       0       0       000010000D0001565
     110       0   -2415       1       0                               0D0001566
     110     873       0       0       0       0       0       000010000D0001567
     110       0       0       1       0                               0D0001568
     110     874       0       0       0       0       0       000010000D0001569
     110       0   -2415       1       0                               0D0001570
     110     875       0       0       0       0       0       000010000D0001571
     110       0       0       2       0                               0D0001572
     102     877       0       0       0       0       0       000010000D0001573
     102       0       0       1       0                               0D0001574
     110     878       0       0       0       0       0       000010000D0001575
     110       0       0       1       0                               0D0001576
     100     879       0       0       0       0    1579       000010000D0001577
     100       0       0       1       0                               0D0001578
     124     880       0       0       0       0       0       000000000D0001579
     124       0       0       2       0                               0D0001580
     110     882       0       0       0       0       0       000010000D0001581
     110       0       0       1       0                               0D0001582
     100     883       0       0       0       0    1585       000010000D0001583
     100       0       0       1       0                               0D0001584
     124     884       0       0       0       0       0       000000000D0001585
     124       0       0       2       0                               0D0001586
     144     886       0       0       0       0       0       000020000D0001587
     144       0   -2415       1       0                               0D0001588
     120     887       0       0       0       0    1591       000010000D0001589
     120       0       0       1       0                               0D0001590
     124     888       0       0       0       0       0       000000000D0001591
     124       0       0       1       0                               0D0001592
     110     889       0       0       0       0       0       000010000D0001593
     110       0       0       1       0                               0D0001594
     110     890       0       0       0       0       0       000010000D0001595
     110       0       0       1       0                               0D0001596
     142     891       0       0       0       0       0       000010500D0001597
     142       0       0       1       0                               0D0001598
     102     892       0       0       0       0       0       000010000D0001599
     102       0       0       1       0                               0D0001600
     110     893       0       0       0       0       0       000010000D0001601
     110       0   -2415       1       0                               0D0001602
     110     894       0       0       0       0       0       000010000D0001603
     110       0       0       2       0                               0D0001604
     110     896       0       0       0       0       0       000010000D0001605
     110       0   -2415       1       0                               0D0001606
     110     897       0       0       0       0       0       000010000D0001607
     110       0       0       1       0                               0D0001608
     102     898       0       0       0       0       0       000010000D0001609
     102       0       0       1       0                               0D0001610
     110     899       0       0       0       0       0       000010000D0001611
     110       0       0       1       0                               0D0001612
     100     900       0       0       0       0    1615       000010000D0001613
     100       0       0       1       0                               0D0001614
     124     901       0       0       0       0       0       000000000D0001615
     124       0       0       2       0                               0D0001616
     110     903       0       0       0       0       0       000010000D0001617
     110       0       0       1       0                               0D0001618
     100     904       0       0       0       0    1621       000010000D0001619
     100       0       0       1       0                               0D0001620
     124     905       0       0       0       0       0       000000000D0001621
     124       0       0       2       0                               0D0001622
     144     907       0       0       0       0       0       000020000D0001623
     144       0   -2415       1       0                               0D0001624
     108     908       0       0       0       0       0       000010000D0001625
     108       0       0       1       0                               0D0001626
     142     909       0       0       0       0       0       000010500D0001627
     142       0       0       1       0                               0D0001628
     102     910       0       0       0       0       0       000010000D0001629
     102       0       0       2       0                               0D0001630
     110     912       0       0       0       0       0       000010000D0001631
     110       0   -2415       1       0                               0D0001632
     110     913       0       0       0       0       0       000010000D0001633
     110       0   -2415       1       0                               0D0001634
     110     914       0       0       0       0       0       000010000D0001635
     110       0   -2415       1       0                               0D0001636
     100     915       0       0       0       0    1639       000010000D0001637
     100       0   -2415       1       0                               0D0001638
     124     916       0       0       0       0       0       000000000D0001639
     124       0       0       2       0                               0D0001640
     110     918       0       0       0       0       0       000010000D0001641
     110       0   -2415       1       0                               0D0001642
     100     919       0       0       0       0    1645       000010000D0001643
     100       0   -2415       1       0                               0D0001644
     124     920       0       0       0       0       0       000000000D0001645
     124       0       0       2       0                               0D0001646
     110     922       0       0       0       0       0       000010000D0001647
     110       0   -2415       1       0                               0D0001648
     110     923       0       0       0       0       0       000010000D0001649
     110       0   -2415       1       0                               0D0001650
     110     924       0       0       0       0       0       000010000D0001651
     110       0   -2415       1       0                               0D0001652
     100     925       0       0       0       0    1655       000010000D0001653
     100       0   -2415       1       0                               0D0001654
     124     926       0       0       0       0       0       000000000D0001655
     124       0       0       2       0                               0D0001656
     110     928       0       0       0       0       0       000010000D0001657
     110       0   -2415       1       0                               0D0001658
     100     929       0       0       0       0    1661       000010000D0001659
     100       0   -2415       1       0                               0D0001660
     124     930       0       0       0       0       0       000000000D0001661
     124       0       0       2       0                               0D0001662
     144     932       0       0       0       0       0       000020000D0001663
     144       0   -2415       1       0                               0D0001664
     108     933       0       0       0       0       0       000010000D0001665
     108       0       0       1       0                               0D0001666
     142     934       0       0       0       0       0       000010500D0001667
     142       0       0       1       0                               0D0001668
     102     935       0       0       0       0       0       000010000D0001669
     102       0       0       2       0                               0D0001670
     110     937       0       0       0       0       0       000010000D0001671
     110       0   -2415       1       0                               0D0001672
     110     938       0       0       0       0       0       000010000D0001673
     110       0   -2415       1       0                               0D0001674
     110     939       0       0       0       0       0       000010000D0001675
     110       0   -2415       1       0                               0D0001676
     100     940       0       0       0       0    1679       000010000D0001677
     100       0   -2415       1       0                               0D0001678
     124     941       0       0       0       0       0       000000000D0001679
     124       0       0       2       0                               0D0001680
     110     943       0       0       0       0       0       000010000D0001681
     110       0   -2415       1       0                               0D0001682
     100     944       0       0       0       0    1685       000010000D0001683
     100       0   -2415       1       0                               0D0001684
     124     945       0       0       0       0       0       000000000D0001685
     124       0       0       2       0                               0D0001686
     110     947       0       0       0       0       0       000010000D0001687
     110       0   -2415       1       0                               0D0001688
     110     948       0       0       0       0       0       000010000D0001689
     110       0   -2415       1       0                               0D0001690
     110     949       0       0       0       0       0       000010000D0001691
     110       0   -2415       1       0                               0D0001692
     100     950       0       0       0       0    1695       000010000D0001693
     100       0   -2415       1       0                               0D0001694
     124     951       0       0       0       0       0       000000000D0001695
     124       0       0       2       0                               0D0001696
     110     953       0       0       0       0       0       000010000D0001697
     110       0   -2415       1       0                               0D0001698
     100     954       0       0       0       0    1701       000010000D0001699
     100       0   -2415       1       0                               0D0001700
     124     955       0       0       0       0       0       000000000D0001701
     124       0       0       2       0                               0D0001702
     402     957       0       0       0       0       0       000020000D0001703
     402       0       0       2       1                               0D0001704
     144     959       0       0       0       0       0       000020000D0001705
     144       0   -2415       1       0                               0D0001706
     108     960       0       0       0       0       0       000010000D0001707
     108       0       0       1       0                               0D0001708
     142     961       0       0       0       0       0       000010500D0001709
     142       0       0       1       0                               0D0001710
     102     962       0       0       0       0       0       000010000D0001711
     102       0       0       1       0                               0D0001712
     110     963       0       0       0       0       0       000010000D0001713
     110       0       0       1       0                               0D0001714
     110     964       0       0       0       0       0       000010000D0001715
     110       0       0       1       0                               0D0001716
     110     965       0       0       0       0       0       000010000D0001717
     110       0       0       1       0                               0D0001718
     110     966       0       0       0       0       0       000010000D0001719
     110       0       0       1       0                               0D0001720
     144     967       0       0       0       0       0       000020000D0001721
     144       0   -2415       1       0                               0D0001722
     108     968       0       0       0       0       0       000010000D0001723
     108       0       0       1       0                               0D0001724
     142     969       0       0       0       0       0       000010500D0001725
     142       0       0       1       0                               0D0001726
     102     970       0       0       0       0       0       000010000D0001727
     102       0       0       1       0                               0D0001728
     110     971       0       0       0       0       0       000010000D0001729
     110       0   -2415       1       0                               0D0001730
     110     972       0       0       0       0       0       000010000D0001731
     110       0       0       1       0                               0D0001732
     110     973       0       0       0       0       0       000010000D0001733
     110       0       0       1       0                               0D0001734
     110     974       0       0       0       0       0       000010000D0001735
     110       0       0       1       0                               0D0001736
     144     975       0       0       0       0       0       000020000D0001737
     144       0   -2415       1       0                               0D0001738
     108     976       0       0       0       0       0       000010000D0001739
     108       0       0       1       0                               0D0001740
     142     977       0       0       0       0       0       000010500D0001741
     142       0       0       1       0                               0D0001742
     102     978       0       0       0       0       0       000010000D0001743
     102       0       0       1       0                               0D0001744
     110     979       0       0       0       0       0       000010000D0001745
     110       0   -2415       1       0                               0D0001746
     110     980       0       0       0       0       0       000010000D0001747
     110       0       0       1       0                               0D0001748
     110     981       0       0       0       0       0       000010000D0001749
     110       0       0       1       0                               0D0001750
     110     982       0       0       0       0       0       000010000D0001751
     110       0       0       1       0                               0D0001752
     144     983       0       0       0       0       0       000020000D0001753
     144       0   -2415       1       0                               0D0001754
     108     984       0       0       0       0       0       000010000D0001755
     108       0       0       2       0                               0D0001756
     142     986       0       0       0       0       0       000010500D0001757
     142       0       0       1       0                               0D0001758
     102     987       0       0       0       0       0       000010000D0001759
     102       0       0       1       0                               0D0001760
     110     988       0       0       0       0       0       000010000D0001761
     110       0       0       1       0                               0D0001762
     110     989       0       0       0       0       0       000010000D0001763
     110       0       0       1       0                               0D0001764
     110     990       0       0       0       0       0       000010000D0001765
     110       0       0       1       0                               0D0001766
     110     991       0       0       0       0       0       000010000D0001767
     110       0       0       1       0                               0D0001768
     144     992       0       0       0       0       0       000020000D0001769
     144       0   -2415       1       0                               0D0001770
     108     993       0       0       0       0       0       000010000D0001771
     108       0       0       2       0                               0D0001772
     142     995       0       0       0       0       0       000010500D0001773
     142       0       0       1       0                               0D0001774
     102     996       0       0       0       0       0       000010000D0001775
     102       0       0       1       0                               0D0001776
     110     997       0       0       0       0       0       000010000D0001777
     110       0       0       1       0                               0D0001778
     110     998       0       0       0       0       0       000010000D0001779
     110       0       0       1       0                               0D0001780
     110     999       0       0       0       0       0       000010000D0001781
     110       0       0       1       0                               0D0001782
     110    1000       0       0       0       0       0       000010000D0001783
     110       0       0       1       0                               0D0001784
     144    1001       0       0       0       0       0       000020000D0001785
     144       0   -2415       1       0                               0D0001786
     108    1002       0       0       0       0       0       000010000D0001787
     108       0       0       1       0                               0D0001788
     142    1003       0       0       0       0       0       000010500D0001789
     142       0       0       1       0                               0D0001790
     102    1004       0       0       0       0       0       000010000D0001791
     102       0       0       1       0                               0D0001792
     110    1005       0       0       0       0       0       000010000D0001793
     110       0       0       1       0                               0D0001794
     110    1006       0       0       0       0       0       000010000D0001795
     110       0       0       1       0                               0D0001796
     110    1007       0       0       0       0       0       000010000D0001797
     110       0       0       1       0                               0D0001798
     110    1008       0       0       0       0       0       000010000D0001799
     110       0       0       1       0                               0D0001800
     144    1009       0       0       0       0       0       000020000D0001801
     144       0   -2415       1       0                               0D0001802
     108    1010       0       0       0       0       0       000010000D0001803
     108       0       0       1       0                               0D0001804
     142    1011       0       0       0       0       0       000010500D0001805
     142       0       0       1       0                               0D0001806
     102    1012       0       0       0       0       0       000010000D0001807
     102       0       0       1       0                               0D0001808
     110    1013       0       0       0       0       0       000010000D0001809
     110       0       0       1       0                               0D0001810
     110    1014       0       0       0       0       0       000010000D0001811
     110       0       0       1       0                               0D0001812
     110    1015       0       0       0       0       0       000010000D0001813
     110       0       0       1       0                               0D0001814
     110    1016       0       0       0       0       0       000010000D0001815
     110       0       0       1       0                               0D0001816
     144    1017       0       0       0       0       0       000020000D0001817
     144       0   -2415       1       0                               0D0001818
     108    1018       0       0       0       0       0       000010000D0001819
     108       0       0       1       0                               0D0001820
     142    1019       0       0       0       0       0       000010500D0001821
     142       0       0       1       0                               0D0001822
     102    1020       0       0       0       0       0       000010000D0001823
     102       0       0       1       0                               0D0001824
     110    1021       0       0       0       0       0       000010000D0001825
     110       0   -2415       1       0                               0D0001826
     110    1022       0       0       0       0       0       000010000D0001827
     110       0       0       1       0                               0D0001828
     110    1023       0       0       0       0       0       000010000D0001829
     110       0   -2415       1       0                               0D0001830
     110    1024       0       0       0       0       0       000010000D0001831
     110       0       0       1       0                               0D0001832
     144    1025       0       0       0       0       0       000020000D0001833
     144       0   -2415       1       0                               0D0001834
     120    1026       0       0       0       0    1837       000010000D0001835
     120       0       0       1       0                               0D0001836
     124    1027       0       0       0       0       0       000000000D0001837
     124       0       0       1       0                               0D0001838
     110    1028       0       0       0       0       0       000010000D0001839
     110       0       0       1       0                               0D0001840
     110    1029       0       0       0       0       0       000010000D0001841
     110       0       0       1       0                               0D0001842
     142    1030       0       0       0       0       0       000010500D0001843
     142       0       0       1       0                               0D0001844
     102    1031       0       0       0       0       0       000010000D0001845
     102       0       0       1       0                               0D0001846
     110    1032       0       0       0       0       0       000010000D0001847
     110       0   -2415       1       0                               0D0001848
     110    1033       0       0       0       0       0       000010000D0001849
     110       0       0       2       0                               0D0001850
     110    1035       0       0       0       0       0       000010000D0001851
     110       0   -2415       1       0                               0D0001852
     110    1036       0       0       0       0       0       000010000D0001853
     110       0       0       1       0                               0D0001854
     102    1037       0       0       0       0       0       000010000D0001855
     102       0       0       1       0                               0D0001856
     110    1038       0       0       0       0       0       000010000D0001857
     110       0       0       1       0                               0D0001858
     100    1039       0       0       0       0    1861       000010000D0001859
     100       0       0       1       0                               0D0001860
     124    1040       0       0       0       0       0       000000000D0001861
     124       0       0       2       0                               0D0001862
     110    1042       0       0       0       0       0       000010000D0001863
     110       0       0       1       0                               0D0001864
     100    1043       0       0       0       0    1867       000010000D0001865
     100       0       0       1       0                               0D0001866
     124    1044       0       0       0       0       0       000000000D0001867
     124       0       0       2       0                               0D0001868
     144    1046       0       0       0       0       0       000020000D0001869
     144       0   -2415       1       0                               0D0001870
     120    1047       0       0       0       0    1873       000010000D0001871
     120       0       0       1       0                               0D0001872
     124    1048       0       0       0       0       0       000000000D0001873
     124       0       0       1       1                               0D0001874
     110    1049       0       0       0       0       0       000010000D0001875
     110       0       0       1       0                               0D0001876
     110    1050       0       0       0       0       0       000010000D0001877
     110       0       0       1       0                               0D0001878
     142    1051       0       0       0       0       0       000010500D0001879
     142       0       0       1       0                               0D0001880
     102    1052       0       0       0       0       0       000010000D0001881
     102       0       0       1       0                               0D0001882
     110    1053       0       0       0       0       0       000010000D0001883
     110       0   -2415       1       0                               0D0001884
     110    1054       0       0       0       0       0       000010000D0001885
     110       0       0       1       0                               0D0001886
     110    1055       0       0       0       0       0       000010000D0001887
     110       0   -2415       1       0                               0D0001888
     110    1056       0       0       0       0       0       000010000D0001889
     110       0       0       2       0                               0D0001890
     102    1058       0       0       0       0       0       000010000D0001891
     102       0       0       1       0                               0D0001892
     110    1059       0       0       0       0       0       000010000D0001893
     110       0       0       1       0                               0D0001894
     100    1060       0       0       0       0    1897       000010000D0001895
     100       0       0       1       0                               0D0001896
     124    1061       0       0       0       0       0       000000000D0001897
     124       0       0       2       0                               0D0001898
     110    1063       0       0       0       0       0       000010000D0001899
     110       0       0       1       0                               0D0001900
     100    1064       0       0       0       0    1903       000010000D0001901
     100       0       0       1       0                               0D0001902
     124    1065       0       0       0       0       0       000000000D0001903
     124       0       0       2       0                               0D0001904
     144    1067       0       0       0       0       0       000020000D0001905
     144       0   -2415       1       0                               0D0001906
     120    1068       0       0       0       0    1909       000010000D0001907
     120       0       0       1       0                               0D0001908
     124    1069       0       0       0       0       0       000000000D0001909
     124       0       0       1       1                               0D0001910
     110    1070       0       0       0       0       0       000010000D0001911
     110       0       0       1       0                               0D0001912
     110    1071       0       0       0       0       0       000010000D0001913
     110       0       0       1       0                               0D0001914
     142    1072       0       0       0       0       0       000010500D0001915
     142       0       0       1       0                               0D0001916
     102    1073       0       0       0       0       0       000010000D0001917
     102       0       0       1       0                               0D0001918
     110    1074       0       0       0       0       0       000010000D0001919
     110       0   -2415       1       0                               0D0001920
     110    1075       0       0       0       0       0       000010000D0001921
     110       0       0       1       0                               0D0001922
     110    1076       0       0       0       0       0       000010000D0001923
     110       0   -2415       1       0                               0D0001924
     110    1077       0       0       0       0       0       000010000D0001925
     110       0       0       2       0                               0D0001926
     102    1079       0       0       0       0       0       000010000D0001927
     102       0       0       1       0                               0D0001928
     110    1080       0       0       0       0       0       000010000D0001929
     110       0       0       1       0                               0D0001930
     100    1081       0       0       0       0    1933       000010000D0001931
     100       0       0       1       0                               0D0001932
     124    1082       0       0       0       0       0       000000000D0001933
     124       0       0       2       0                               0D0001934
     110    1084       0       0       0       0       0       000010000D0001935
     110       0       0       1       0                               0D0001936
     100    1085       0       0       0       0    1939       000010000D0001937
     100       0       0       1       0                               0D0001938
     124    1086       0       0       0       0       0       000000000D0001939
     124       0       0       2       0                               0D0001940
     144    1088       0       0       0       0       0       000020000D0001941
     144       0   -2415       1       0                               0D0001942
     120    1089       0       0       0       0    1945       000010000D0001943
     120       0       0       1       0                               0D0001944
     124    1090       0       0       0       0       0       000000000D0001945
     124       0       0       1       0                               0D0001946
     110    1091       0       0       0       0       0       000010000D0001947
     110       0       0       1       0                               0D0001948
     110    1092       0       0       0       0       0       000010000D0001949
     110       0       0       1       0                               0D0001950
     142    1093       0       0       0       0       0       000010500D0001951
     142       0       0       1       0                               0D0001952
     102    1094       0       0       0       0       0       000010000D0001953
     102       0       0       1       0                               0D0001954
     110    1095       0       0       0       0       0       000010000D0001955
     110       0   -2415       1       0                               0D0001956
     110    1096       0       0       0       0       0       000010000D0001957
     110       0       0       2       0                               0D0001958
     110    1098       0       0       0       0       0       000010000D0001959
     110       0   -2415       1       0                               0D0001960
     110    1099       0       0       0       0       0       000010000D0001961
     110       0       0       1       0                               0D0001962
     102    1100       0       0       0       0       0       000010000D0001963
     102       0       0       1       0                               0D0001964
     110    1101       0       0       0       0       0       000010000D0001965
     110       0       0       1       0                               0D0001966
     100    1102       0       0       0       0    1969       000010000D0001967
     100       0       0       1       0                               0D0001968
     124    1103       0       0       0       0       0       000000000D0001969
     124       0       0       2       0                               0D0001970
     110    1105       0       0       0       0       0       000010000D0001971
     110       0       0       1       0                               0D0001972
     100    1106       0       0       0       0    1975       000010000D0001973
     100       0       0       1       0                               0D0001974
     124    1107       0       0       0       0       0       000000000D0001975
     124       0       0       2       0                               0D0001976
     144    1109       0       0       0       0       0       000020000D0001977
     144       0   -2415       1       0                               0D0001978
     108    1110       0       0       0       0       0       000010000D0001979
     108       0       0       1       0                               0D0001980
     142    1111       0       0       0       0       0       000010500D0001981
     142       0       0       1       0                               0D0001982
     102    1112       0       0       0       0       0       000010000D0001983
     102       0       0       2       0                               0D0001984
     110    1114       0       0       0       0       0       000010000D0001985
     110       0   -2415       1       0                               0D0001986
     110    1115       0       0       0       0       0       000010000D0001987
     110       0   -2415       1       0                               0D0001988
     110    1116       0       0       0       0       0       000010000D0001989
     110       0   -2415       1       0                               0D0001990
     100    1117       0       0       0       0    1993       000010000D0001991
     100       0   -2415       1       0                               0D0001992
     124    1118       0       0       0       0       0       000000000D0001993
     124       0       0       2       0                               0D0001994
     110    1120       0       0       0       0       0       000010000D0001995
     110       0   -2415       1       0                               0D0001996
     100    1121       0       0       0       0    1999       000010000D0001997
     100       0   -2415       1       0                               0D0001998
     124    1122       0       0       0       0       0       000000000D0001999
     124       0       0       2       0                               0D0002000
     110    1124       0       0       0       0       0       000010000D0002001
     110       0   -2415       1       0                               0D0002002
     110    1125       0       0       0       0       0       000010000D0002003
     110       0   -2415       1       0                               0D0002004
     110    1126       0       0       0       0       0       000010000D0002005
     110       0   -2415       1       0                               0D0002006
     100    1127       0       0       0       0    2009       000010000D0002007
     100       0   -2415       1       0                               0D0002008
     124    1128       0       0       0       0       0       000000000D0002009
     124       0       0       2       0                               0D0002010
     110    1130       0       0       0       0       0       000010000D0002011
     110       0   -2415       1       0                               0D0002012
     100    1131       0       0       0       0    2015       000010000D0002013
     100       0   -2415       1       0                               0D0002014
     124    1132       0       0       0       0       0       000000000D0002015
     124       0       0       2       0                               0D0002016
     144    1134       0       0       0       0       0       000020000D0002017
     144       0   -2415       1       0                               0D0002018
     108    1135       0       0       0       0       0       000010000D0002019
     108       0       0       1       0                               0D0002020
     142    1136       0       0       0       0       0       000010500D0002021
     142       0       0       1       0                               0D0002022
     102    1137       0       0       0       0       0       000010000D0002023
     102       0       0       2       0                               0D0002024
     110    1139       0       0       0       0       0       000010000D0002025
     110       0   -2415       1       0                               0D0002026
     110    1140       0       0       0       0       0       000010000D0002027
     110       0   -2415       1       0                               0D0002028
     110    1141       0       0       0       0       0       000010000D0002029
     110       0   -2415       1       0                               0D0002030
     100    1142       0       0       0       0    2033       000010000D0002031
     100       0   -2415       1       0                               0D0002032
     124    1143       0       0       0       0       0       000000000D0002033
     124       0       0       2       0                               0D0002034
     110    1145       0       0       0       0       0       000010000D0002035
     110       0   -2415       1       0                               0D0002036
     100    1146       0       0       0       0    2039       000010000D0002037
     100       0   -2415       1       0                               0D0002038
     124    1147       0       0       0       0       0       000000000D0002039
     124       0       0       2       0                               0D0002040
     110    1149       0       0       0       0       0       000010000D0002041
     110       0   -2415       1       0                               0D0002042
     110    1150       0       0       0       0       0       000010000D0002043
     110       0   -2415       1       0                               0D0002044
     110    1151       0       0       0       0       0       000010000D0002045
     110       0   -2415       1       0                               0D0002046
     100    1152       0       0       0       0    2049       000010000D0002047
     100       0   -2415       1       0                               0D0002048
     124    1153       0       0       0       0       0       000000000D0002049
     124       0       0       2       0                               0D0002050
     110    1155       0       0       0       0       0       000010000D0002051
     110       0   -2415       1       0                               0D0002052
     100    1156       0       0       0       0    2055       000010000D0002053
     100       0   -2415       1       0                               0D0002054
     124    1157       0       0       0       0       0       000000000D0002055
     124       0       0       2       0                               0D0002056
     402    1159       0       0       0       0       0       000020000D0002057
     402       0       0       2       1                               0D0002058
     144    1161       0       0       0       0       0       000020000D0002059
     144       0   -2415       1       0                               0D0002060
     108    1162       0       0       0       0       0       000010000D0002061
     108       0       0       1       0                               0D0002062
     142    1163       0       0       0       0       0       000010500D0002063
     142       0       0       1       0                               0D0002064
     102    1164       0       0       0       0       0       000010000D0002065
     102       0       0       1       0                               0D0002066
     110    1165       0       0       0       0       0       000010000D0002067
     110       0       0       1       0                               0D0002068
     110    1166       0       0       0       0       0       000010000D0002069
     110       0       0       1       0                               0D0002070
     110    1167       0       0       0       0       0       000010000D0002071
     110       0       0       1       0                               0D0002072
     110    1168       0       0       0       0       0       000010000D0002073
     110       0       0       1       0                               0D0002074
     144    1169       0       0       0       0       0       000020000D0002075
     144       0   -2415       1       0                               0D0002076
     108    1170       0       0       0       0       0       000010000D0002077
     108       0       0       1       0                               0D0002078
     142    1171       0       0       0       0       0       000010500D0002079
     142       0       0       1       0                               0D0002080
     102    1172       0       0       0       0       0       000010000D0002081
     102       0       0       1       0                               0D0002082
     110    1173       0       0       0       0       0       000010000D0002083
     110       0   -2415       1       0                               0D0002084
     110    1174       0       0       0       0       0       000010000D0002085
     110       0       0       1       0                               0D0002086
     110    1175       0       0       0       0       0       000010000D0002087
     110       0       0       1       0                               0D0002088
     110    1176       0       0       0       0       0       000010000D0002089
     110       0       0       1       0                               0D0002090
     144    1177       0       0       0       0       0       000020000D0002091
     144       0   -2415       1       0                               0D0002092
     108    1178       0       0       0       0       0       000010000D0002093
     108       0       0       1       0                               0D0002094
     142    1179       0       0       0       0       0       000010500D0002095
     142       0       0       1       0                               0D0002096
     102    1180       0       0       0       0       0       000010000D0002097
     102       0       0       1       0                               0D0002098
     110    1181       0       0       0       0       0       000010000D0002099
     110       0   -2415       1       0                               0D0002100
     110    1182       0       0       0       0       0       000010000D0002101
     110       0       0       1       0                               0D0002102
     110    1183       0       0       0       0       0       000010000D0002103
     110       0       0       1       0                               0D0002104
     110    1184       0       0       0       0       0       000010000D0002105
     110       0       0       1       0                               0D0002106
     144    1185       0       0       0       0       0       000020000D0002107
     144       0   -2415       1       0                               0D0002108
     108    1186       0       0       0       0       0       000010000D0002109
     108       0       0       2       0                               0D0002110
     142    1188       0       0       0       0       0       000010500D0002111
     142       0       0       1       0                               0D0002112
     102    1189       0       0       0       0       0       000010000D0002113
     102       0       0       1       0                               0D0002114
     110    1190       0       0       0       0       0       000010000D0002115
     110       0       0       1       0                               0D0002116
     110    1191       0       0       0       0       0       000010000D0002117
     110       0       0       1       0                               0D0002118
     110    1192       0       0       0       0       0       000010000D0002119
     110       0       0       1       0                               0D0002120
     110    1193       0       0       0       0       0       000010000D0002121
     110       0       0       1       0                               0D0002122
     144    1194       0       0       0       0       0       000020000D0002123
     144       0   -2415       1       0                               0D0002124
     108    1195       0       0       0       0       0       000010000D0002125
     108       0       0       2       0                               0D0002126
     142    1197       0       0       0       0       0       000010500D0002127
     142       0       0       1       0                               0D0002128
     102    1198       0       0       0       0       0       000010000D0002129
     102       0       0       1       0                               0D0002130
     110    1199       0       0       0       0       0       000010000D0002131
     110       0       0       1       0                               0D0002132
     110    1200       0       0       0       0       0       000010000D0002133
     110       0       0       1       0                               0D0002134
     110    1201       0       0       0       0       0       000010000D0002135
     110       0       0       1       0                               0D0002136
     110    1202       0       0       0       0       0       000010000D0002137
     110       0       0       1       0                               0D0002138
     144    1203       0       0       0       0       0       000020000D0002139
     144       0   -2415       1       0                               0D0002140
     108    1204       0       0       0       0       0       000010000D0002141
     108       0       0       1       0                               0D0002142
     142    1205       0       0       0       0       0       000010500D0002143
     142       0       0       1       0                               0D0002144
     102    1206       0       0       0       0       0       000010000D0002145
     102       0       0       1       0                               0D0002146
     110    1207       0       0       0       0       0       000010000D0002147
     110       0       0       1       0                               0D0002148
     110    1208       0       0       0       0       0       000010000D0002149
     110       0       0       1       0                               0D0002150
     110    1209       0       0       0       0       0       000010000D0002151
     110       0       0       1       0                               0D0002152
     110    1210       0       0       0       0       0       000010000D0002153
     110       0       0       1       0                               0D0002154
     144    1211       0       0       0       0       0       000020000D0002155
     144       0   -2415       1       0                               0D0002156
     108    1212       0       0       0       0       0       000010000D0002157
     108       0       0       1       0                               0D0002158
     142    1213       0       0       0       0       0       000010500D0002159
     142       0       0       1       0                               0D0002160
     102    1214       0       0       0       0       0       000010000D0002161
     102       0       0       1       0                               0D0002162
     110    1215       0       0       0       0       0       000010000D0002163
     110       0       0       1       0                               0D0002164
     110    1216       0       0       0       0       0       000010000D0002165
     110       0       0       1       0                               0D0002166
     110    1217       0       0       0       0       0       000010000D0002167
     110       0       0       1       0                               0D0002168
     110    1218       0       0       0       0       0       000010000D0002169
     110       0       0       1       0                               0D0002170
     144    1219       0       0       0       0       0       000020000D0002171
     144       0   -2415       1       0                               0D0002172
     108    1220       0       0       0       0       0       000010000D0002173
     108       0       0       1       0                               0D0002174
     142    1221       0       0       0       0       0       000010500D0002175
     142       0       0       1       0                               0D0002176
     102    1222       0       0       0       0       0       000010000D0002177
     102       0       0       1       0                               0D0002178
     110    1223       0       0       0       0       0       000010000D0002179
     110       0   -2415       1       0                               0D0002180
     110    1224       0       0       0       0       0       000010000D0002181
     110       0       0       1       0                               0D0002182
     110    1225       0       0       0       0       0       000010000D0002183
     110       0   -2415       1       0                               0D0002184
     110    1226       0       0       0       0       0       000010000D0002185
     110       0       0       1       0                               0D0002186
     144    1227       0       0       0       0       0       000020000D0002187
     144       0   -2415       1       0                               0D0002188
     120    1228       0       0       0       0    2191       000010000D0002189
     120       0       0       1       0                               0D0002190
     124    1229       0       0       0       0       0       000000000D0002191
     124       0       0       1       0                               0D0002192
     110    1230       0       0       0       0       0       000010000D0002193
     110       0       0       1       0                               0D0002194
     110    1231       0       0       0       0       0       000010000D0002195
     110       0       0       1       0                               0D0002196
     142    1232       0       0       0       0       0       000010500D0002197
     142       0       0       1       0                               0D0002198
     102    1233       0       0       0       0       0       000010000D0002199
     102       0       0       1       0                               0D0002200
     110    1234       0       0       0       0       0       000010000D0002201
     110       0   -2415       1       0                               0D0002202
     110    1235       0       0       0       0       0       000010000D0002203
     110       0       0       2       0                               0D0002204
     110    1237       0       0       0       0       0       000010000D0002205
     110       0   -2415       1       0                               0D0002206
     110    1238       0       0       0       0       0       000010000D0002207
     110       0       0       1       0                               0D0002208
     102    1239       0       0       0       0       0       000010000D0002209
     102       0       0       1       0                               0D0002210
     110    1240       0       0       0       0       0       000010000D0002211
     110       0       0       1       0                               0D0002212
     100    1241       0       0       0       0    2215       000010000D0002213
     100       0       0       1       0                               0D0002214
     124    1242       0       0       0       0       0       000000000D0002215
     124       0       0       2       0                               0D0002216
     110    1244       0       0       0       0       0       000010000D0002217
     110       0       0       1       0                               0D0002218
     100    1245       0       0       0       0    2221       000010000D0002219
     100       0       0       1       0                               0D0002220
     124    1246       0       0       0       0       0       000000000D0002221
     124       0       0       2       0                               0D0002222
     144    1248       0       0       0       0       0       000020000D0002223
     144       0   -2415       1       0                               0D0002224
     120    1249       0       0       0       0    2227       000010000D0002225
     120       0       0       1       0                               0D0002226
     124    1250       0       0       0       0       0       000000000D0002227
     124       0       0       1       1                               0D0002228
     110    1251       0       0       0       0       0       000010000D0002229
     110       0       0       1       0                               0D0002230
     110    1252       0       0       0       0       0       000010000D0002231
     110       0       0       1       0                               0D0002232
     142    1253       0       0       0       0       0       000010500D0002233
     142       0       0       1       0                               0D0002234
     102    1254       0       0       0       0       0       000010000D0002235
     102       0       0       1       0                               0D0002236
     110    1255       0       0       0       0       0       000010000D0002237
     110       0   -2415       1       0                               0D0002238
     110    1256       0       0       0       0       0       000010000D0002239
     110       0       0       1       0                               0D0002240
     110    1257       0       0       0       0       0       000010000D0002241
     110       0   -2415       1       0                               0D0002242
     110    1258       0       0       0       0       0       000010000D0002243
     110       0       0       2       0                               0D0002244
     102    1260       0       0       0       0       0       000010000D0002245
     102       0       0       1       0                               0D0002246
     110    1261       0       0       0       0       0       000010000D0002247
     110       0       0       1       0                               0D0002248
     100    1262       0       0       0       0    2251       000010000D0002249
     100       0       0       1       0                               0D0002250
     124    1263       0       0       0       0       0       000000000D0002251
     124       0       0       2       0                               0D0002252
     110    1265       0       0       0       0       0       000010000D0002253
     110       0       0       1       0                               0D0002254
     100    1266       0       0       0       0    2257       000010000D0002255
     100       0       0       1       0                               0D0002256
     124    1267       0       0       0       0       0       000000000D0002257
     124       0       0       2       0                               0D0002258
     144    1269       0       0       0       0       0       000020000D0002259
     144       0   -2415       1       0                               0D0002260
     120    1270       0       0       0       0    2263       000010000D0002261
     120       0       0       1       0                               0D0002262
     124    1271       0       0       0       0       0       000000000D0002263
     124       0       0       1       1                               0D0002264
     110    1272       0       0       0       0       0       000010000D0002265
     110       0       0       1       0                               0D0002266
     110    1273       0       0       0       0       0       000010000D0002267
     110       0       0       1       0                               0D0002268
     142    1274       0       0       0       0       0       000010500D0002269
     142       0       0       1       0                               0D0002270
     102    1275       0       0       0       0       0       000010000D0002271
     102       0       0       1       0                               0D0002272
     110    1276       0       0       0       0       0       000010000D0002273
     110       0   -2415       1       0                               0D0002274
     110    1277       0       0       0       0       0       000010000D0002275
     110       0       0       1       0                               0D0002276
     110    1278       0       0       0       0       0       000010000D0002277
     110       0   -2415       1       0                               0D0002278
     110    1279       0       0       0       0       0       000010000D0002279
     110       0       0       2       0                               0D0002280
     102    1281       0       0       0       0       0       000010000D0002281
     102       0       0       1       0                               0D0002282
     110    1282       0       0       0       0       0       000010000D0002283
     110       0       0       1       0                               0D0002284
     100    1283       0       0       0       0    2287       000010000D0002285
     100       0       0       1       0                               0D0002286
     124    1284       0       0       0       0       0       000000000D0002287
     124       0       0       2       0                               0D0002288
     110    1286       0       0       0       0       0       000010000D0002289
     110       0       0       1       0                               0D0002290
     100    1287       0       0       0       0    2293       000010000D0002291
     100       0       0       1       0                               0D0002292
     124    1288       0       0       0       0       0       000000000D0002293
     124       0       0       2       0                               0D0002294
     144    1290       0       0       0       0       0       000020000D0002295
     144       0   -2415       1       0                               0D0002296
     120    1291       0       0       0       0    2299       000010000D0002297
     120       0       0       1       0                               0D0002298
     124    1292       0       0       0       0       0       000000000D0002299
     124       0       0       1       0                               0D0002300
     110    1293       0       0       0       0       0       000010000D0002301
     110       0       0       1       0                               0D0002302
     110    1294       0       0       0       0       0       000010000D0002303
     110       0       0       1       0                               0D0002304
     142    1295       0       0       0       0       0       000010500D0002305
     142       0       0       1       0                               0D0002306
     102    1296       0       0       0       0       0       000010000D0002307
     102       0       0       1       0                               0D0002308
     110    1297       0       0       0       0       0       000010000D0002309
     110       0   -2415       1       0                               0D0002310
     110    1298       0       0       0       0       0       000010000D0002311
     110       0       0       2       0                               0D0002312
     110    1300       0       0       0       0       0       000010000D0002313
     110       0   -2415       1       0                               0D0002314
     110    1301       0       0       0       0       0       000010000D0002315
     110       0       0       1       0                               0D0002316
     102    1302       0       0       0       0       0       000010000D0002317
     102       0       0       1       0                               0D0002318
     110    1303       0       0       0       0       0       000010000D0002319
     110       0       0       1       0                               0D0002320
     100    1304       0       0       0       0    2323       000010000D0002321
     100       0       0       1       0                               0D0002322
     124    1305       0       0       0       0       0       000000000D0002323
     124       0       0       2       0                               0D0002324
     110    1307       0       0       0       0       0       000010000D0002325
     110       0       0       1       0                               0D0002326
     100    1308       0       0       0       0    2329       000010000D0002327
     100       0       0       1       0                               0D0002328
     124    1309       0       0       0       0       0       000000000D0002329
     124       0       0       2       0                               0D0002330
     144    1311       0       0       0       0       0       000020000D0002331
     144       0   -2415       1       0                               0D0002332
     108    1312       0       0       0       0       0       000010000D0002333
     108       0       0       1       0                               0D0002334
     142    1313       0       0       0       0       0       000010500D0002335
     142       0       0       1       0                               0D0002336
     102    1314       0       0       0       0       0       000010000D0002337
     102       0       0       2       0                               0D0002338
     110    1316       0       0       0       0       0       000010000D0002339
     110       0   -2415       1       0                               0D0002340
     110    1317       0       0       0       0       0       000010000D0002341
     110       0   -2415       1       0                               0D0002342
     110    1318       0       0       0       0       0       000010000D0002343
     110       0   -2415       1       0                               0D0002344
     100    1319       0       0       0       0    2347       000010000D0002345
     100       0   -2415       1       0                               0D0002346
     124    1320       0       0       0       0       0       000000000D0002347
     124       0       0       2       0                               0D0002348
     110    1322       0       0       0       0       0       000010000D0002349
     110       0   -2415       1       0                               0D0002350
     100    1323       0       0       0       0    2353       000010000D0002351
     100       0   -2415       1       0                               0D0002352
     124    1324       0       0       0       0       0       000000000D0002353
     124       0       0       2       0                               0D0002354
     110    1326       0       0       0       0       0       000010000D0002355
     110       0   -2415       1       0                               0D0002356
     110    1327       0       0       0       0       0       000010000D0002357
     110       0   -2415       1       0                               0D0002358
     110    1328       0       0       0       0       0       000010000D0002359
     110       0   -2415       1       0                               0D0002360
     100    1329       0       0       0       0    2363       000010000D0002361
     100       0   -2415       1       0                               0D0002362
     124    1330       0       0       0       0       0       000000000D0002363
     124       0       0       2       0                               0D0002364
     110    1332       0       0       0       0       0       000010000D0002365
     110       0   -2415       1       0                               0D0002366
     100    1333       0       0       0       0    2369       000010000D0002367
     100       0   -2415       1       0                               0D0002368
     124    1334       0       0       0       0       0       000000000D0002369
     124       0       0       2       0                               0D0002370
     144    1336       0       0       0       0       0       000020000D0002371
     144       0   -2415       1       0                               0D0002372
     108    1337       0       0       0       0       0       000010000D0002373
     108       0       0       1       0                               0D0002374
     142    1338       0       0       0       0       0       000010500D0002375
     142       0       0       1       0                               0D0002376
     102    1339       0       0       0       0       0       000010000D0002377
     102       0       0       2       0                               0D0002378
     110    1341       0       0       0       0       0       000010000D0002379
     110       0   -2415       1       0                               0D0002380
     110    1342       0       0       0       0       0       000010000D0002381
     110       0   -2415       1       0                               0D0002382
     110    1343       0       0       0       0       0       000010000D0002383
     110       0   -2415       1       0                               0D0002384
     100    1344       0       0       0       0    2387       000010000D0002385
     100       0   -2415       1       0                               0D0002386
     124    1345       0       0       0       0       0       000000000D0002387
     124       0       0       2       0                               0D0002388
     110    1347       0       0       0       0       0       000010000D0002389
     110       0   -2415       1       0                               0D0002390
     100    1348       0       0       0       0    2393       000010000D0002391
     100       0   -2415       1       0                               0D0002392
     124    1349       0       0       0       0       0       000000000D0002393
     124       0       0       2       0                               0D0002394
     110    1351       0       0       0       0       0       000010000D0002395
     110       0   -2415       1       0                               0D0002396
     110    1352       0       0       0       0       0       000010000D0002397
     110       0   -2415       1       0                               0D0002398
     110    1353       0       0       0       0       0       000010000D0002399
     110       0   -2415       1       0                               0D0002400
     100    1354       0       0       0       0    2403       000010000D0002401
     100       0   -2415       1       0                               0D0002402
     124    1355       0       0       0       0       0       000000000D0002403
     124       0       0       2       0                               0D0002404
     110    1357       0       0       0       0       0       000010000D0002405
     110       0   -2415       1       0                               0D0002406
     100    1358       0       0       0       0    2409       000010000D0002407
     100       0   -2415       1       0                               0D0002408
     124    1359       0       0       0       0       0       000000000D0002409
     124       0       0       2       0                               0D0002410
     314    1361       0       0       0       0       0       000000200D0002411
     314       0       0       1       0                               0D0002412
     314    1362       0       0       0       0       0       000000200D0002413
     314       0       0       1       0                               0D0002414
     314    1363       0       0       0       0       0       000000200D0002415
     314       0       0       1       0                               0D0002416
     406    1364       0       0       0       0       0       000000000D0002417
     406       0       0       1      15                               0D0002418
402,8,3,61,287,641,995,1349,1703,2057,0,1,2417;                  0000001P0000001
402,3,5,41,51;                                                   0000003P0000002
144,7,1,0,15;                                                    0000005P0000003
120,11,13,-3.141592654,3.141592654;                              0000007P0000004
124,1.,0.,0.,-0.346,0.,1.,0.,2.5,0.,0.,1.,5.639;                 0000009P0000005
110,0.,0.,1.,0.,0.,0.;                                           0000011P0000006
110,9.271E-02,0.,0.,9.271E-02,0.,2.E-03;                         0000013P0000007
142,0,7,17,27,3;                                                 0000015P0000008
102,4,19,21,23,25;                                               0000017P0000009
110,1.,-3.141592654,0.,1.,3.141592654,0.;                        0000019P0000010
110,1.,3.141592654,0.,-3.487868498E-13,3.141592654,0.;           0000021P0000011
110,-3.487868498E-13,3.141592654,0.,-1.046360549E-12,            0000023P0000012
-3.141592654,0.;                                                 0000023P0000013
110,-1.046360549E-12,-3.141592654,0.,1.,-3.141592654,0.;         0000025P0000014
102,4,29,33,35,39;                                               0000027P0000015
100,0.,0.,0.,-9.271E-02,0.,-9.271E-02,0.;                        0000029P0000016
124,1.,0.,0.,-0.346,0.,-1.,0.,2.5,0.,0.,-1.,5.641;               0000031P0000017
126,1,1,1,0,1,0,0.,0.,2.E-03,2.E-03,1.,1.,-0.43871,2.5,5.641,    0000033P0000018
-0.43871,2.5,5.639,0.,2.E-03,1.,0.,-0.;                          0000033P0000019
100,0.,0.,0.,-9.271E-02,0.,-9.271E-02,0.;                        0000035P0000020
124,1.,0.,-0.,-0.346,0.,1.,0.,2.5,0.,0.,1.,5.639;                0000037P0000021
126,1,1,1,0,1,0,0.,0.,2.E-03,2.E-03,1.,1.,-0.43871,2.5,5.639,    0000039P0000022
-0.43871,2.5,5.641,0.,2.E-03,-1.,0.,-0.;                         0000039P0000023
144,43,1,0,45;                                                   0000041P0000024
108,-0.,-0.,-1.,-5.639,0,-0.346,2.5,5.639,0.;                    0000043P0000025
142,0,43,0,47,2;                                                 0000045P0000026
100,0.,0.,0.,-9.271E-02,0.,-9.271E-02,0.;                        0000047P0000027
124,1.,0.,0.,-0.346,0.,-1.,0.,2.5,0.,0.,-1.,5.639;               0000049P0000028
144,53,1,0,55;                                                   0000051P0000029
108,0.,0.,1.,5.641,0,-0.346,2.5,5.641,0.;                        0000053P0000030
142,0,53,0,57,2;                                                 0000055P0000031
100,0.,0.,0.,-9.271E-02,0.,-9.271E-02,0.;                        0000057P0000032
124,1.,0.,0.,-0.346,0.,1.,0.,2.5,0.,0.,1.,5.641;                 0000059P0000033
402,14,63,79,95,111,127,143,159,175,191,207,223,239,255,271;     0000061P0000034
144,65,1,0,67;                                                   0000063P0000035
108,0.,0.,1.,5.639,0,-1.016,-4.42,5.639,0.;                      0000065P0000036
142,0,65,0,69,2;                                                 0000067P0000037
102,4,71,73,75,77;                                               0000069P0000038
110,-1.016,-4.42,5.639,1.016,-4.42,5.639;                        0000071P0000039
110,1.016,-4.42,5.639,1.016,4.42,5.639;                          0000073P0000040
110,1.016,4.42,5.639,-1.016,4.42,5.639;                          0000075P0000041
110,-1.016,4.42,5.639,-1.016,-4.42,5.639;                        0000077P0000042
144,81,1,0,83;                                                   0000079P0000043
108,0.,-0.997820408,6.598812321E-02,4.782437239,0,-1.854,-4.597, 0000081P0000044
2.962,0.;                                                        0000081P0000045
142,0,81,0,85,2;                                                 0000083P0000046
102,4,87,89,91,93;                                               0000085P0000047
110,-1.854,-4.597,2.962,1.854,-4.597,2.962;                      0000087P0000048
110,1.853968387,-4.597154391,2.962000321,1.016,-4.42,5.639;      0000089P0000049
110,1.016,-4.42,5.639,-1.016,-4.42,5.639;                        0000091P0000050
110,-1.016031613,-4.419845609,5.638999679,-1.854,-4.597,2.962;   0000093P0000051
144,97,1,0,99;                                                   0000095P0000052
108,0.954230474,0.,0.299072235,2.654995259,0,1.854,-4.597,2.962, 0000097P0000053
0.;                                                              0000097P0000054
142,0,97,0,101,2;                                                0000099P0000055
102,4,103,105,107,109;                                           0000101P0000056
110,1.854,-4.597,2.962,1.854,4.597,2.962;                        0000103P0000057
110,1.853968387,4.597154391,2.962000321,1.016,4.42,5.639;        0000105P0000058
110,1.016,4.42,5.639,1.016,-4.42,5.639;                          0000107P0000059
110,1.016,-4.42,5.639,1.853968387,-4.597154391,2.962000321;      0000109P0000060
144,113,1,0,115;                                                 0000111P0000061
108,0.,0.997820408,6.598812321E-02,4.782437239,0,1.854,4.597,    0000113P0000062
2.962,0.;                                                        0000113P0000063
142,0,113,0,117,2;                                               0000115P0000064
102,4,119,121,123,125;                                           0000117P0000065
110,1.854,4.597,2.962,-1.854,4.597,2.962;                        0000119P0000066
110,-1.853968387,4.597154391,2.962000321,-1.016,4.42,5.639;      0000121P0000067
110,-1.016,4.42,5.639,1.016,4.42,5.639;                          0000123P0000068
110,1.016,4.42,5.639,1.853968387,4.597154391,2.962000321;        0000125P0000069
144,129,1,0,131;                                                 0000127P0000070
108,-0.954230474,0.,0.299072235,2.654995259,0,-1.854,4.597,      0000129P0000071
2.962,0.;                                                        0000129P0000072
142,0,129,0,133,2;                                               0000131P0000073
102,4,135,137,139,141;                                           0000133P0000074
110,-1.854,4.597,2.962,-1.854,-4.597,2.962;                      0000135P0000075
110,-1.854,-4.597,2.962,-1.016031613,-4.419845609,5.638999679;   0000137P0000076
110,-1.016,-4.42,5.639,-1.016,4.42,5.639;                        0000139P0000077
110,-1.016,4.42,5.639,-1.853968387,4.597154391,2.962000321;      0000141P0000078
144,145,1,0,147;                                                 0000143P0000079
108,0.,-1.,0.,4.597,0,-1.854,-4.597,2.677,0.;                    0000145P0000080
142,0,145,0,149,2;                                               0000147P0000081
102,4,151,153,155,157;                                           0000149P0000082
110,-1.854,-4.597,2.677,1.854,-4.597,2.677;                      0000151P0000083
110,1.854,-4.597,2.677,1.854,-4.597,2.962;                       0000153P0000084
110,1.854,-4.597,2.962,-1.854,-4.597,2.962;                      0000155P0000085
110,-1.854,-4.597,2.962,-1.854,-4.597,2.677;                     0000157P0000086
144,161,1,0,163;                                                 0000159P0000087
108,1.,0.,0.,1.854,0,1.854,-4.597,2.677,0.;                      0000161P0000088
142,0,161,0,165,2;                                               0000163P0000089
102,4,167,169,171,173;                                           0000165P0000090
110,1.854,-4.597,2.677,1.854,4.597,2.677;                        0000167P0000091
110,1.854,4.597,2.677,1.854,4.597,2.962;                         0000169P0000092
110,1.854,4.597,2.962,1.854,-4.597,2.962;                        0000171P0000093
110,1.854,-4.597,2.962,1.854,-4.597,2.677;                       0000173P0000094
144,177,1,0,179;                                                 0000175P0000095
108,0.,1.,0.,4.597,0,1.854,4.597,2.677,0.;                       0000177P0000096
142,0,177,0,181,2;                                               0000179P0000097
102,4,183,185,187,189;                                           0000181P0000098
110,1.854,4.597,2.677,-1.854,4.597,2.677;                        0000183P0000099
110,-1.854,4.597,2.677,-1.854,4.597,2.962;                       0000185P0000100
110,-1.854,4.597,2.962,1.854,4.597,2.962;                        0000187P0000101
110,1.854,4.597,2.962,1.854,4.597,2.677;                         0000189P0000102
144,193,1,0,195;                                                 0000191P0000103
108,-1.,0.,0.,1.854,0,-1.854,4.597,2.677,0.;                     0000193P0000104
142,0,193,0,197,2;                                               0000195P0000105
102,4,199,201,203,205;                                           0000197P0000106
110,-1.854,4.597,2.677,-1.854,-4.597,2.677;                      0000199P0000107
110,-1.854,-4.597,2.677,-1.854,-4.597,2.962;                     0000201P0000108
110,-1.854,-4.597,2.962,-1.854,4.597,2.962;                      0000203P0000109
110,-1.854,4.597,2.962,-1.854,4.597,2.677;                       0000205P0000110
144,209,1,0,211;                                                 0000207P0000111
108,0.,-0.997107195,-7.600817132E-02,4.381289014,0,-1.422,       0000209P0000112
-4.394,0.,0.;                                                    0000209P0000113
142,0,209,0,213,2;                                               0000211P0000114
102,4,215,217,219,221;                                           0000213P0000115
110,-1.422,-4.394,0.,1.422,-4.394,0.;                            0000215P0000116
110,1.421462655,-4.39297295,1.651083608E-04,1.854,-4.597,2.677;  0000217P0000117
110,1.854,-4.597,2.677,-1.854,-4.597,2.677;                      0000219P0000118
110,-1.854537345,-4.59802705,2.676834892,-1.422,-4.394,0.;       0000221P0000119
144,225,1,0,227;                                                 0000223P0000120
108,0.987271537,0.,-0.159043743,1.403900126,0,1.422,-4.394,0.,   0000225P0000121
0.;                                                              0000225P0000122
142,0,225,0,229,2;                                               0000227P0000123
102,4,231,233,235,237;                                           0000229P0000124
110,1.422,-4.394,0.,1.422,4.394,0.;                              0000231P0000125
110,1.421462655,4.39297295,1.651083608E-04,1.854,4.597,2.677;    0000233P0000126
110,1.854,4.597,2.677,1.854,-4.597,2.677;                        0000235P0000127
110,1.854,-4.597,2.677,1.421462655,-4.39297295,1.651083608E-04;  0000237P0000128
144,241,1,0,243;                                                 0000239P0000129
108,0.,0.997107195,-7.600817132E-02,4.381289014,0,1.422,4.394,   0000241P0000130
0.,0.;                                                           0000241P0000131
142,0,241,0,245,2;                                               0000243P0000132
102,4,247,249,251,253;                                           0000245P0000133
110,1.422,4.394,0.,-1.422,4.394,0.;                              0000247P0000134
110,-1.421462655,4.39297295,1.651083608E-04,-1.854,4.597,2.677;  0000249P0000135
110,-1.854,4.597,2.677,1.854,4.597,2.677;                        0000251P0000136
110,1.854,4.597,2.677,1.421462655,4.39297295,1.651083608E-04;    0000253P0000137
144,257,1,0,259;                                                 0000255P0000138
108,-0.987271537,0.,-0.159043743,1.403900126,0,-1.422,4.394,0.,  0000257P0000139
0.;                                                              0000257P0000140
142,0,257,0,261,2;                                               0000259P0000141
102,4,263,265,267,269;                                           0000261P0000142
110,-1.422,4.394,0.,-1.422,-4.394,0.;                            0000263P0000143
110,-1.422,-4.394,0.,-1.854537345,-4.59802705,2.676834892;       0000265P0000144
110,-1.854,-4.597,2.677,-1.854,4.597,2.677;                      0000267P0000145
110,-1.854,4.597,2.677,-1.421462655,4.39297295,1.651083608E-04;  0000269P0000146
144,273,1,0,275;                                                 0000271P0000147
108,0.,0.,-1.,0.,0,-1.422,4.394,0.,0.;                           0000273P0000148
142,0,273,0,277,2;                                               0000275P0000149
102,4,279,281,283,285;                                           0000277P0000150
110,-1.422,4.394,0.,1.422,4.394,0.;                              0000279P0000151
110,1.422,4.394,0.,1.422,-4.394,0.;                              0000281P0000152
110,1.422,-4.394,0.,-1.422,-4.394,0.;                            0000283P0000153
110,-1.422,-4.394,0.,-1.422,4.394,0.;                            0000285P0000154
402,14,289,305,321,337,353,369,385,401,417,453,489,525,561,601;  0000287P0000155
144,291,1,0,293;                                                 0000289P0000156
108,1.,0.,0.,-1.854,0,-1.854,2.035,2.692,0.;                     0000291P0000157
142,0,291,0,295,2;                                               0000293P0000158
102,4,297,299,301,303;                                           0000295P0000159
110,-1.854,2.035,2.692,-1.854,2.965,2.692;                       0000297P0000160
110,-1.854,2.965,2.692,-1.854,2.965,2.946;                       0000299P0000161
110,-1.854,2.965,2.946,-1.854,2.035,2.946;                       0000301P0000162
110,-1.854,2.035,2.946,-1.854,2.035,2.692;                       0000303P0000163
144,307,1,0,309;                                                 0000305P0000164
108,0.,0.,1.,2.946,0,-1.854,2.035,2.946,0.;                      0000307P0000165
142,0,307,0,311,2;                                               0000309P0000166
102,4,313,315,317,319;                                           0000311P0000167
110,-1.854,2.035,2.946,-1.854,2.965,2.946;                       0000313P0000168
110,-1.854,2.965,2.946,-1.911,2.965,2.946;                       0000315P0000169
110,-1.911,2.965,2.946,-1.911,2.035,2.946;                       0000317P0000170
110,-1.911,2.035,2.946,-1.854,2.035,2.946;                       0000319P0000171
144,323,1,0,325;                                                 0000321P0000172
108,0.,0.,-1.,-2.692,0,-1.854,2.965,2.692,0.;                    0000323P0000173
142,0,323,0,327,2;                                               0000325P0000174
102,4,329,331,333,335;                                           0000327P0000175
110,-1.854,2.965,2.692,-1.854,2.035,2.692;                       0000329P0000176
110,-1.854,2.035,2.692,-1.911,2.035,2.692;                       0000331P0000177
110,-1.911,2.035,2.692,-1.911,2.965,2.692;                       0000333P0000178
110,-1.911,2.965,2.692,-1.854,2.965,2.692;                       0000335P0000179
144,339,1,0,341;                                                 0000337P0000180
108,-0.965885549,0.,0.258969314,2.985076289,0,-2.972,2.965,      0000339P0000181
0.442,0.;                                                        0000339P0000182
142,0,339,0,343,2;                                               0000341P0000183
102,4,345,347,349,351;                                           0000343P0000184
110,-2.972,2.965,0.442,-2.972,2.035,0.442;                       0000345P0000185
110,-2.97251379,2.035,0.442137755,-2.402,2.035,2.57;             0000347P0000186
110,-2.402,2.035,2.57,-2.402,2.965,2.57;                         0000349P0000187
110,-2.40148621,2.965,2.569862245,-2.972,2.965,0.442;            0000351P0000188
144,355,1,0,357;                                                 0000353P0000189
108,0.965885549,0.,-0.258969314,-2.731601324,0,-2.727,2.035,     0000355P0000190
0.377,0.;                                                        0000355P0000191
142,0,355,0,359,2;                                               0000357P0000192
102,4,361,363,365,367;                                           0000359P0000193
110,-2.727,2.035,0.377,-2.727,2.965,0.377;                       0000361P0000194
110,-2.727263656,2.965,0.37707069,-2.157,2.965,2.504;            0000363P0000195
110,-2.157,2.965,2.504,-2.157,2.035,2.504;                       0000365P0000196
110,-2.156736344,2.035,2.50392931,-2.727,2.035,0.377;            0000367P0000197
144,371,1,0,373;                                                 0000369P0000198
108,0.,0.,1.,0.254,0,-3.274,2.965,0.254,0.;                      0000371P0000199
142,0,371,0,375,2;                                               0000373P0000200
102,4,377,379,381,383;                                           0000375P0000201
110,-3.274,2.965,0.254,-3.274,2.035,0.254;                       0000377P0000202
110,-3.274,2.035,0.254,-3.217,2.035,0.254;                       0000379P0000203
110,-3.217,2.035,0.254,-3.217,2.965,0.254;                       0000381P0000204
110,-3.217,2.965,0.254,-3.274,2.965,0.254;                       0000383P0000205
144,387,1,0,389;                                                 0000385P0000206
108,0.,0.,-1.,0.,0,-3.217,2.965,0.,0.;                           0000387P0000207
142,0,387,0,391,2;                                               0000389P0000208
102,4,393,395,397,399;                                           0000391P0000209
110,-3.217,2.965,0.,-3.217,2.035,0.;                             0000393P0000210
110,-3.217,2.035,0.,-3.274,2.035,0.;                             0000395P0000211
110,-3.274,2.035,0.,-3.274,2.965,0.;                             0000397P0000212
110,-3.274,2.965,0.,-3.217,2.965,0.;                             0000399P0000213
144,403,1,0,405;                                                 0000401P0000214
108,-1.,0.,0.,3.274,0,-3.274,2.965,0.,0.;                        0000403P0000215
142,0,403,0,407,2;                                               0000405P0000216
102,4,409,411,413,415;                                           0000407P0000217
110,-3.274,2.965,0.,-3.274,2.035,0.;                             0000409P0000218
110,-3.274,2.035,0.,-3.274,2.035,0.254;                          0000411P0000219
110,-3.274,2.035,0.254,-3.274,2.965,0.254;                       0000413P0000220
110,-3.274,2.965,0.254,-3.274,2.965,0.;                          0000415P0000221
144,419,1,0,427;                                                 0000417P0000222
120,423,425,4.975018482,6.283185307;                             0000419P0000223
124,0.,-1.,0.,-1.911,0.,0.,-1.,2.035,1.,0.,0.,2.438;             0000421P0000224
110,0.,0.,1.,0.,0.,0.;                                           0000423P0000225
110,0.508,0.,-0.93,0.508,0.,0.;                                  0000425P0000226
142,0,419,429,439,3;                                             0000427P0000227
102,4,431,433,435,437;                                           0000429P0000228
110,1.,6.283185307,0.,-2.220446049E-16,6.283185307,0.;           0000431P0000229
110,1.972152263E-31,6.283185307,0.,-3.123348235E-16,4.975018482, 0000433P0000230
0.;                                                              0000433P0000231
110,-3.123348235E-16,4.975018482,0.,1.,4.975018482,0.;           0000435P0000232
110,1.,4.975018482,0.,1.,6.283185307,0.;                         0000437P0000233
102,4,441,443,447,449;                                           0000439P0000234
110,-1.911,2.035,2.946,-1.911,2.965,2.946;                       0000441P0000235
100,0.,0.,0.,0.309413774,0.402898395,-0.308753022,0.403404972;   0000443P0000236
124,0.793107077,-0.609082232,0.,-1.911,0.,0.,-1.,2.965,          0000445P0000237
0.609082232,0.793107077,-0.,2.438;                               0000445P0000238
110,-2.402,2.965,2.57,-2.402,2.035,2.57;                         0000447P0000239
100,0.,0.,0.,0.308753022,0.403404972,-0.309413774,0.402898395;   0000449P0000240
124,-0.793107077,-0.609082232,0.,-1.911,0.,0.,1.,2.035,          0000451P0000241
-0.609082232,0.793107077,0.,2.438;                               0000451P0000242
144,455,1,0,463;                                                 0000453P0000243
120,459,461,3.141592654,4.450269139;                             0000455P0000244
124,0.,-1.,0.,-1.911,0.,0.,-1.,2.965,-1.,-0.,0.,2.438;           0000457P0000245
110,0.,0.,1.,0.,0.,0.;                                           0000459P0000246
110,0.254,0.,0.,0.254,0.,0.93;                                   0000461P0000247
142,0,455,465,475,3;                                             0000463P0000248
102,4,467,469,471,473;                                           0000465P0000249
110,-7.500792469E-16,3.141592654,0.,1.,3.141592654,0.;           0000467P0000250
110,1.,3.141592654,0.,1.,4.450269139,0.;                         0000469P0000251
110,1.,4.450269139,0.,-6.661338148E-16,4.450269139,0.;           0000471P0000252
110,-4.376227381E-16,4.450269139,0.,-7.500792469E-16,            0000473P0000253
3.141592654,0.;                                                  0000473P0000254
102,4,477,479,483,485;                                           0000475P0000255
110,-1.911,2.965,2.692,-1.911,2.035,2.692;                       0000477P0000256
100,0.,0.,0.,0.154706887,0.201449197,-0.154479291,0.20162378;    0000479P0000257
124,0.793107077,-0.609082232,0.,-1.911,0.,0.,-1.,2.035,          0000481P0000258
0.609082232,0.793107077,-0.,2.438;                               0000481P0000259
110,-2.157,2.035,2.504,-2.157,2.965,2.504;                       0000483P0000260
100,0.,0.,0.,0.154479291,0.20162378,-0.154706887,0.201449197;    0000485P0000261
124,-0.793107077,-0.609082232,0.,-1.911,0.,0.,1.,2.965,          0000487P0000262
-0.609082232,0.793107077,0.,2.438;                               0000487P0000263
144,491,1,0,499;                                                 0000489P0000264
120,495,497,3.141592654,4.449247879;                             0000491P0000265
124,0.,1.,0.,-3.217,0.,-0.,-1.,2.965,1.,0.,0.,0.508;             0000493P0000266
110,0.,0.,1.,0.,0.,0.;                                           0000495P0000267
110,0.254,0.,0.,0.254,0.,0.93;                                   0000497P0000268
142,0,491,501,511,3;                                             0000499P0000269
102,4,503,505,507,509;                                           0000501P0000270
110,-7.500792469E-16,3.141592654,0.,1.,3.141592654,0.;           0000503P0000271
110,1.,3.141592654,0.,1.,4.449247879,0.;                         0000505P0000272
110,1.,4.449247879,0.,-6.661338148E-16,4.449247879,0.;           0000507P0000273
110,-4.378665718E-16,4.449247879,0.,-7.500792469E-16,            0000509P0000274
3.141592654,0.;                                                  0000509P0000275
102,4,513,515,519,521;                                           0000511P0000276
110,-3.217,2.965,0.254,-3.217,2.035,0.254;                       0000513P0000277
100,0.,0.,0.,0.154706887,0.201449197,-0.1542733,0.201781439;     0000515P0000278
124,-0.793107077,0.609082232,0.,-3.217,0.,0.,-1.,2.035,          0000517P0000279
-0.609082232,-0.793107077,-0.,0.508;                             0000517P0000280
110,-2.972,2.035,0.442,-2.972,2.965,0.442;                       0000519P0000281
100,0.,0.,0.,0.1542733,0.201781439,-0.154706887,0.201449197;     0000521P0000282
124,0.793107077,0.609082232,0.,-3.217,0.,0.,1.,2.965,            0000523P0000283
0.609082232,-0.793107077,0.,0.508;                               0000523P0000284
144,527,1,0,535;                                                 0000525P0000285
120,531,533,4.973626373,6.283185307;                             0000527P0000286
124,0.,1.,0.,-3.217,0.,0.,-1.,2.965,-1.,0.,0.,0.508;             0000529P0000287
110,0.,0.,1.,0.,0.,0.;                                           0000531P0000288
110,0.508,0.,0.,0.508,0.,0.93;                                   0000533P0000289
142,0,527,537,547,3;                                             0000535P0000290
102,4,539,541,543,545;                                           0000537P0000291
110,1.,6.283185307,0.,-2.220446049E-16,6.283185307,0.;           0000539P0000292
110,1.972152263E-31,6.283185307,0.,-3.126672001E-16,4.973626373, 0000541P0000293
0.;                                                              0000541P0000294
110,-3.126672001E-16,4.973626373,0.,1.,4.973626373,0.;           0000543P0000295
110,1.,4.973626373,0.,1.,6.283185307,0.;                         0000545P0000296
102,4,549,551,555,557;                                           0000547P0000297
110,-3.217,2.035,0.,-3.217,2.965,0.;                             0000549P0000298
100,0.,0.,0.,0.309413774,0.402898395,-0.309314306,0.402974763;   0000551P0000299
124,-0.793107077,0.609082232,0.,-3.217,0.,0.,-1.,2.965,          0000553P0000300
-0.609082232,-0.793107077,-0.,0.508;                             0000553P0000301
110,-2.727,2.965,0.377,-2.727,2.035,0.377;                       0000555P0000302
100,0.,0.,0.,0.309314306,0.402974763,-0.309413774,0.402898395;   0000557P0000303
124,0.793107077,0.609082232,0.,-3.217,0.,0.,1.,2.035,            0000559P0000304
0.609082232,-0.793107077,0.,0.508;                               0000559P0000305
144,563,1,0,565;                                                 0000561P0000306
108,0.,1.,0.,2.965,0,-1.854,2.965,2.692,0.;                      0000563P0000307
142,0,563,0,567,2;                                               0000565P0000308
102,12,569,571,573,575,579,581,585,587,589,591,595,597;          0000567P0000309
110,-1.911,2.965,2.946,-1.854,2.965,2.946;                       0000569P0000310
110,-1.854,2.965,2.946,-1.854,2.965,2.692;                       0000571P0000311
110,-1.854,2.965,2.692,-1.911,2.965,2.692;                       0000573P0000312
100,0.,0.,0.,-0.154706887,-0.201449197,0.154479291,-0.20162378;  0000575P0000313
124,-0.793107077,0.609082232,0.,-1.911,0.,0.,-1.,2.965,          0000577P0000314
-0.609082232,-0.793107077,0.,2.438;                              0000577P0000315
110,-2.157,2.965,2.504,-2.727263656,2.965,0.37707069;            0000579P0000316
100,0.,0.,0.,-0.309314306,-0.402974763,0.309413774,-0.402898395; 0000581P0000317
124,-0.793107077,-0.609082232,0.,-3.217,0.,0.,1.,2.965,          0000583P0000318
-0.609082232,0.793107077,0.,0.508;                               0000583P0000319
110,-3.217,2.965,0.,-3.274,2.965,0.;                             0000585P0000320
110,-3.274,2.965,0.,-3.274,2.965,0.254;                          0000587P0000321
110,-3.274,2.965,0.254,-3.217,2.965,0.254;                       0000589P0000322
100,0.,0.,0.,-0.154706887,-0.201449197,0.1542733,-0.201781439;   0000591P0000323
124,0.793107077,-0.609082232,0.,-3.217,0.,0.,-1.,2.965,          0000593P0000324
0.609082232,0.793107077,0.,0.508;                                0000593P0000325
110,-2.972,2.965,0.442,-2.40148621,2.965,2.569862245;            0000595P0000326
100,0.,0.,0.,-0.308753022,-0.403404972,0.309413774,-0.402898395; 0000597P0000327
124,0.793107077,0.609082232,0.,-1.911,0.,0.,1.,2.965,            0000599P0000328
0.609082232,-0.793107077,0.,2.438;                               0000599P0000329
144,603,1,0,605;                                                 0000601P0000330
108,0.,-1.,0.,-2.035,0,-3.217,2.035,0.254,0.;                    0000603P0000331
142,0,603,0,607,2;                                               0000605P0000332
102,12,609,611,613,615,619,621,625,627,629,631,635,637;          0000607P0000333
110,-1.911,2.035,2.692,-1.854,2.035,2.692;                       0000609P0000334
110,-1.854,2.035,2.692,-1.854,2.035,2.946;                       0000611P0000335
110,-1.854,2.035,2.946,-1.911,2.035,2.946;                       0000613P0000336
100,0.,0.,0.,-0.309413774,-0.402898395,0.308753022,-0.403404972; 0000615P0000337
124,-0.793107077,0.609082232,0.,-1.911,0.,0.,-1.,2.035,          0000617P0000338
-0.609082232,-0.793107077,0.,2.438;                              0000617P0000339
110,-2.402,2.035,2.57,-2.97251379,2.035,0.442137755;             0000619P0000340
100,0.,0.,0.,-0.1542733,-0.201781439,0.154706887,-0.201449197;   0000621P0000341
124,-0.793107077,-0.609082232,0.,-3.217,0.,0.,1.,2.035,          0000623P0000342
-0.609082232,0.793107077,0.,0.508;                               0000623P0000343
110,-3.217,2.035,0.254,-3.274,2.035,0.254;                       0000625P0000344
110,-3.274,2.035,0.254,-3.274,2.035,0.;                          0000627P0000345
110,-3.274,2.035,0.,-3.217,2.035,0.;                             0000629P0000346
100,0.,0.,0.,-0.309413774,-0.402898395,0.309314306,-0.402974763; 0000631P0000347
124,0.793107077,-0.609082232,0.,-3.217,0.,0.,-1.,2.035,          0000633P0000348
0.609082232,0.793107077,0.,0.508;                                0000633P0000349
110,-2.727,2.035,0.377,-2.156736344,2.035,2.50392931;            0000635P0000350
100,0.,0.,0.,-0.154479291,-0.20162378,0.154706887,-0.201449197;  0000637P0000351
124,0.793107077,0.609082232,0.,-1.911,0.,0.,1.,2.035,            0000639P0000352
0.609082232,-0.793107077,0.,2.438;                               0000639P0000353
402,14,643,659,675,691,707,723,739,755,771,807,843,879,915,955;  0000641P0000354
144,645,1,0,647;                                                 0000643P0000355
108,1.,0.,0.,-1.854,0,-1.854,-0.465,2.692,0.;                    0000645P0000356
142,0,645,0,649,2;                                               0000647P0000357
102,4,651,653,655,657;                                           0000649P0000358
110,-1.854,-0.465,2.692,-1.854,0.465,2.692;                      0000651P0000359
110,-1.854,0.465,2.692,-1.854,0.465,2.946;                       0000653P0000360
110,-1.854,0.465,2.946,-1.854,-0.465,2.946;                      0000655P0000361
110,-1.854,-0.465,2.946,-1.854,-0.465,2.692;                     0000657P0000362
144,661,1,0,663;                                                 0000659P0000363
108,0.,0.,1.,2.946,0,-1.854,-0.465,2.946,0.;                     0000661P0000364
142,0,661,0,665,2;                                               0000663P0000365
102,4,667,669,671,673;                                           0000665P0000366
110,-1.854,-0.465,2.946,-1.854,0.465,2.946;                      0000667P0000367
110,-1.854,0.465,2.946,-1.911,0.465,2.946;                       0000669P0000368
110,-1.911,0.465,2.946,-1.911,-0.465,2.946;                      0000671P0000369
110,-1.911,-0.465,2.946,-1.854,-0.465,2.946;                     0000673P0000370
144,677,1,0,679;                                                 0000675P0000371
108,0.,0.,-1.,-2.692,0,-1.854,0.465,2.692,0.;                    0000677P0000372
142,0,677,0,681,2;                                               0000679P0000373
102,4,683,685,687,689;                                           0000681P0000374
110,-1.854,0.465,2.692,-1.854,-0.465,2.692;                      0000683P0000375
110,-1.854,-0.465,2.692,-1.911,-0.465,2.692;                     0000685P0000376
110,-1.911,-0.465,2.692,-1.911,0.465,2.692;                      0000687P0000377
110,-1.911,0.465,2.692,-1.854,0.465,2.692;                       0000689P0000378
144,693,1,0,695;                                                 0000691P0000379
108,-0.965885549,0.,0.258969314,2.985076289,0,-2.972,0.465,      0000693P0000380
0.442,0.;                                                        0000693P0000381
142,0,693,0,697,2;                                               0000695P0000382
102,4,699,701,703,705;                                           0000697P0000383
110,-2.972,0.465,0.442,-2.972,-0.465,0.442;                      0000699P0000384
110,-2.97251379,-0.465,0.442137755,-2.402,-0.465,2.57;           0000701P0000385
110,-2.402,-0.465,2.57,-2.402,0.465,2.57;                        0000703P0000386
110,-2.40148621,0.465,2.569862245,-2.972,0.465,0.442;            0000705P0000387
144,709,1,0,711;                                                 0000707P0000388
108,0.965885549,0.,-0.258969314,-2.731601324,0,-2.727,-0.465,    0000709P0000389
0.377,0.;                                                        0000709P0000390
142,0,709,0,713,2;                                               0000711P0000391
102,4,715,717,719,721;                                           0000713P0000392
110,-2.727,-0.465,0.377,-2.727,0.465,0.377;                      0000715P0000393
110,-2.727263656,0.465,0.37707069,-2.157,0.465,2.504;            0000717P0000394
110,-2.157,0.465,2.504,-2.157,-0.465,2.504;                      0000719P0000395
110,-2.156736344,-0.465,2.50392931,-2.727,-0.465,0.377;          0000721P0000396
144,725,1,0,727;                                                 0000723P0000397
108,0.,0.,1.,0.254,0,-3.274,0.465,0.254,0.;                      0000725P0000398
142,0,725,0,729,2;                                               0000727P0000399
102,4,731,733,735,737;                                           0000729P0000400
110,-3.274,0.465,0.254,-3.274,-0.465,0.254;                      0000731P0000401
110,-3.274,-0.465,0.254,-3.217,-0.465,0.254;                     0000733P0000402
110,-3.217,-0.465,0.254,-3.217,0.465,0.254;                      0000735P0000403
110,-3.217,0.465,0.254,-3.274,0.465,0.254;                       0000737P0000404
144,741,1,0,743;                                                 0000739P0000405
108,0.,0.,-1.,0.,0,-3.217,0.465,0.,0.;                           0000741P0000406
142,0,741,0,745,2;                                               0000743P0000407
102,4,747,749,751,753;                                           0000745P0000408
110,-3.217,0.465,0.,-3.217,-0.465,0.;                            0000747P0000409
110,-3.217,-0.465,0.,-3.274,-0.465,0.;                           0000749P0000410
110,-3.274,-0.465,0.,-3.274,0.465,0.;                            0000751P0000411
110,-3.274,0.465,0.,-3.217,0.465,0.;                             0000753P0000412
144,757,1,0,759;                                                 0000755P0000413
108,-1.,0.,0.,3.274,0,-3.274,0.465,0.,0.;                        0000757P0000414
142,0,757,0,761,2;                                               0000759P0000415
102,4,763,765,767,769;                                           0000761P0000416
110,-3.274,0.465,0.,-3.274,-0.465,0.;                            0000763P0000417
110,-3.274,-0.465,0.,-3.274,-0.465,0.254;                        0000765P0000418
110,-3.274,-0.465,0.254,-3.274,0.465,0.254;                      0000767P0000419
110,-3.274,0.465,0.254,-3.274,0.465,0.;                          0000769P0000420
144,773,1,0,781;                                                 0000771P0000421
120,777,779,4.975018482,6.283185307;                             0000773P0000422
124,0.,-1.,0.,-1.911,0.,0.,-1.,-0.465,1.,0.,0.,2.438;            0000775P0000423
110,0.,0.,1.,0.,0.,0.;                                           0000777P0000424
110,0.508,0.,-0.93,0.508,0.,0.;                                  0000779P0000425
142,0,773,783,793,3;                                             0000781P0000426
102,4,785,787,789,791;                                           0000783P0000427
110,1.,6.283185307,0.,-2.220446049E-16,6.283185307,0.;           0000785P0000428
110,2.465190329E-31,6.283185307,0.,-3.123348235E-16,4.975018482, 0000787P0000429
0.;                                                              0000787P0000430
110,-3.123348235E-16,4.975018482,0.,1.,4.975018482,0.;           0000789P0000431
110,1.,4.975018482,0.,1.,6.283185307,0.;                         0000791P0000432
102,4,795,797,801,803;                                           0000793P0000433
110,-1.911,-0.465,2.946,-1.911,0.465,2.946;                      0000795P0000434
100,0.,0.,0.,0.309413774,0.402898395,-0.308753022,0.403404972;   0000797P0000435
124,0.793107077,-0.609082232,0.,-1.911,0.,0.,-1.,0.465,          0000799P0000436
0.609082232,0.793107077,-0.,2.438;                               0000799P0000437
110,-2.402,0.465,2.57,-2.402,-0.465,2.57;                        0000801P0000438
100,0.,0.,0.,0.308753022,0.403404972,-0.309413774,0.402898395;   0000803P0000439
124,-0.793107077,-0.609082232,0.,-1.911,0.,0.,1.,-0.465,         0000805P0000440
-0.609082232,0.793107077,0.,2.438;                               0000805P0000441
144,809,1,0,817;                                                 0000807P0000442
120,813,815,3.141592654,4.450269139;                             0000809P0000443
124,0.,-1.,0.,-1.911,0.,0.,-1.,0.465,-1.,-0.,0.,2.438;           0000811P0000444
110,0.,0.,1.,0.,0.,0.;                                           0000813P0000445
110,0.254,0.,0.,0.254,0.,0.93;                                   0000815P0000446
142,0,809,819,829,3;                                             0000817P0000447
102,4,821,823,825,827;                                           0000819P0000448
110,-7.500792469E-16,3.141592654,0.,1.,3.141592654,0.;           0000821P0000449
110,1.,3.141592654,0.,1.,4.450269139,0.;                         0000823P0000450
110,1.,4.450269139,0.,-6.661338148E-16,4.450269139,0.;           0000825P0000451
110,-4.376227381E-16,4.450269139,0.,-7.500792469E-16,            0000827P0000452
3.141592654,0.;                                                  0000827P0000453
102,4,831,833,837,839;                                           0000829P0000454
110,-1.911,0.465,2.692,-1.911,-0.465,2.692;                      0000831P0000455
100,0.,0.,0.,0.154706887,0.201449197,-0.154479291,0.20162378;    0000833P0000456
124,0.793107077,-0.609082232,0.,-1.911,0.,0.,-1.,-0.465,         0000835P0000457
0.609082232,0.793107077,-0.,2.438;                               0000835P0000458
110,-2.157,-0.465,2.504,-2.157,0.465,2.504;                      0000837P0000459
100,0.,0.,0.,0.154479291,0.20162378,-0.154706887,0.201449197;    0000839P0000460
124,-0.793107077,-0.609082232,0.,-1.911,0.,0.,1.,0.465,          0000841P0000461
-0.609082232,0.793107077,0.,2.438;                               0000841P0000462
144,845,1,0,853;                                                 0000843P0000463
120,849,851,3.141592654,4.449247879;                             0000845P0000464
124,0.,1.,0.,-3.217,0.,-0.,-1.,0.465,1.,0.,0.,0.508;             0000847P0000465
110,0.,0.,1.,0.,0.,0.;                                           0000849P0000466
110,0.254,0.,0.,0.254,0.,0.93;                                   0000851P0000467
142,0,845,855,865,3;                                             0000853P0000468
102,4,857,859,861,863;                                           0000855P0000469
110,-7.500792469E-16,3.141592654,0.,1.,3.141592654,0.;           0000857P0000470
110,1.,3.141592654,0.,1.,4.449247879,0.;                         0000859P0000471
110,1.,4.449247879,0.,-6.661338148E-16,4.449247879,0.;           0000861P0000472
110,-4.378665718E-16,4.449247879,0.,-7.500792469E-16,            0000863P0000473
3.141592654,0.;                                                  0000863P0000474
102,4,867,869,873,875;                                           0000865P0000475
110,-3.217,0.465,0.254,-3.217,-0.465,0.254;                      0000867P0000476
100,0.,0.,0.,0.154706887,0.201449197,-0.1542733,0.201781439;     0000869P0000477
124,-0.793107077,0.609082232,0.,-3.217,0.,0.,-1.,-0.465,         0000871P0000478
-0.609082232,-0.793107077,-0.,0.508;                             0000871P0000479
110,-2.972,-0.465,0.442,-2.972,0.465,0.442;                      0000873P0000480
100,0.,0.,0.,0.1542733,0.201781439,-0.154706887,0.201449197;     0000875P0000481
124,0.793107077,0.609082232,0.,-3.217,0.,0.,1.,0.465,            0000877P0000482
0.609082232,-0.793107077,0.,0.508;                               0000877P0000483
144,881,1,0,889;                                                 0000879P0000484
120,885,887,4.973626373,6.283185307;                             0000881P0000485
124,0.,1.,0.,-3.217,0.,0.,-1.,0.465,-1.,0.,0.,0.508;             0000883P0000486
110,0.,0.,1.,0.,0.,0.;                                           0000885P0000487
110,0.508,0.,0.,0.508,0.,0.93;                                   0000887P0000488
142,0,881,891,901,3;                                             0000889P0000489
102,4,893,895,897,899;                                           0000891P0000490
110,1.,6.283185307,0.,-2.220446049E-16,6.283185307,0.;           0000893P0000491
110,1.972152263E-31,6.283185307,0.,-3.126672001E-16,4.973626373, 0000895P0000492
0.;                                                              0000895P0000493
110,-3.126672001E-16,4.973626373,0.,1.,4.973626373,0.;           0000897P0000494
110,1.,4.973626373,0.,1.,6.283185307,0.;                         0000899P0000495
102,4,903,905,909,911;                                           0000901P0000496
110,-3.217,-0.465,0.,-3.217,0.465,0.;                            0000903P0000497
100,0.,0.,0.,0.309413774,0.402898395,-0.309314306,0.402974763;   0000905P0000498
124,-0.793107077,0.609082232,0.,-3.217,0.,0.,-1.,0.465,          0000907P0000499
-0.609082232,-0.793107077,-0.,0.508;                             0000907P0000500
110,-2.727,0.465,0.377,-2.727,-0.465,0.377;                      0000909P0000501
100,0.,0.,0.,0.309314306,0.402974763,-0.309413774,0.402898395;   0000911P0000502
124,0.793107077,0.609082232,0.,-3.217,0.,0.,1.,-0.465,           0000913P0000503
0.609082232,-0.793107077,0.,0.508;                               0000913P0000504
144,917,1,0,919;                                                 0000915P0000505
108,0.,1.,0.,0.465,0,-1.854,0.465,2.692,0.;                      0000917P0000506
142,0,917,0,921,2;                                               0000919P0000507
102,12,923,925,927,929,933,935,939,941,943,945,949,951;          0000921P0000508
110,-1.911,0.465,2.946,-1.854,0.465,2.946;                       0000923P0000509
110,-1.854,0.465,2.946,-1.854,0.465,2.692;                       0000925P0000510
110,-1.854,0.465,2.692,-1.911,0.465,2.692;                       0000927P0000511
100,0.,0.,0.,-0.154706887,-0.201449197,0.154479291,-0.20162378;  0000929P0000512
124,-0.793107077,0.609082232,0.,-1.911,0.,0.,-1.,0.465,          0000931P0000513
-0.609082232,-0.793107077,0.,2.438;                              0000931P0000514
110,-2.157,0.465,2.504,-2.727263656,0.465,0.37707069;            0000933P0000515
100,0.,0.,0.,-0.309314306,-0.402974763,0.309413774,-0.402898395; 0000935P0000516
124,-0.793107077,-0.609082232,0.,-3.217,0.,0.,1.,0.465,          0000937P0000517
-0.609082232,0.793107077,0.,0.508;                               0000937P0000518
110,-3.217,0.465,0.,-3.274,0.465,0.;                             0000939P0000519
110,-3.274,0.465,0.,-3.274,0.465,0.254;                          0000941P0000520
110,-3.274,0.465,0.254,-3.217,0.465,0.254;                       0000943P0000521
100,0.,0.,0.,-0.154706887,-0.201449197,0.1542733,-0.201781439;   0000945P0000522
124,0.793107077,-0.609082232,0.,-3.217,0.,0.,-1.,0.465,          0000947P0000523
0.609082232,0.793107077,0.,0.508;                                0000947P0000524
110,-2.972,0.465,0.442,-2.40148621,0.465,2.569862245;            0000949P0000525
100,0.,0.,0.,-0.308753022,-0.403404972,0.309413774,-0.402898395; 0000951P0000526
124,0.793107077,0.609082232,0.,-1.911,0.,0.,1.,0.465,            0000953P0000527
0.609082232,-0.793107077,0.,2.438;                               0000953P0000528
144,957,1,0,959;                                                 0000955P0000529
108,0.,-1.,0.,0.465,0,-3.217,-0.465,0.254,0.;                    0000957P0000530
142,0,957,0,961,2;                                               0000959P0000531
102,12,963,965,967,969,973,975,979,981,983,985,989,991;          0000961P0000532
110,-1.911,-0.465,2.692,-1.854,-0.465,2.692;                     0000963P0000533
110,-1.854,-0.465,2.692,-1.854,-0.465,2.946;                     0000965P0000534
110,-1.854,-0.465,2.946,-1.911,-0.465,2.946;                     0000967P0000535
100,0.,0.,0.,-0.309413774,-0.402898395,0.308753022,-0.403404972; 0000969P0000536
124,-0.793107077,0.609082232,0.,-1.911,0.,0.,-1.,-0.465,         0000971P0000537
-0.609082232,-0.793107077,0.,2.438;                              0000971P0000538
110,-2.402,-0.465,2.57,-2.97251379,-0.465,0.442137755;           0000973P0000539
100,0.,0.,0.,-0.1542733,-0.201781439,0.154706887,-0.201449197;   0000975P0000540
124,-0.793107077,-0.609082232,0.,-3.217,0.,0.,1.,-0.465,         0000977P0000541
-0.609082232,0.793107077,0.,0.508;                               0000977P0000542
110,-3.217,-0.465,0.254,-3.274,-0.465,0.254;                     0000979P0000543
110,-3.274,-0.465,0.254,-3.274,-0.465,0.;                        0000981P0000544
110,-3.274,-0.465,0.,-3.217,-0.465,0.;                           0000983P0000545
100,0.,0.,0.,-0.309413774,-0.402898395,0.309314306,-0.402974763; 0000985P0000546
124,0.793107077,-0.609082232,0.,-3.217,0.,0.,-1.,-0.465,         0000987P0000547
0.609082232,0.793107077,0.,0.508;                                0000987P0000548
110,-2.727,-0.465,0.377,-2.156736344,-0.465,2.50392931;          0000989P0000549
100,0.,0.,0.,-0.154479291,-0.20162378,0.154706887,-0.201449197;  0000991P0000550
124,0.793107077,0.609082232,0.,-1.911,0.,0.,1.,-0.465,           0000993P0000551
0.609082232,-0.793107077,0.,2.438;                               0000993P0000552
402,14,997,1013,1029,1045,1061,1077,1093,1109,1125,1161,1197,    0000995P0000553
1233,1269,1309;                                                  0000995P0000554
144,999,1,0,1001;                                                0000997P0000555
108,1.,0.,0.,-1.854,0,-1.854,-2.965,2.692,0.;                    0000999P0000556
142,0,999,0,1003,2;                                              0001001P0000557
102,4,1005,1007,1009,1011;                                       0001003P0000558
110,-1.854,-2.965,2.692,-1.854,-2.035,2.692;                     0001005P0000559
110,-1.854,-2.035,2.692,-1.854,-2.035,2.946;                     0001007P0000560
110,-1.854,-2.035,2.946,-1.854,-2.965,2.946;                     0001009P0000561
110,-1.854,-2.965,2.946,-1.854,-2.965,2.692;                     0001011P0000562
144,1015,1,0,1017;                                               0001013P0000563
108,0.,0.,1.,2.946,0,-1.854,-2.965,2.946,0.;                     0001015P0000564
142,0,1015,0,1019,2;                                             0001017P0000565
102,4,1021,1023,1025,1027;                                       0001019P0000566
110,-1.854,-2.965,2.946,-1.854,-2.035,2.946;                     0001021P0000567
110,-1.854,-2.035,2.946,-1.911,-2.035,2.946;                     0001023P0000568
110,-1.911,-2.035,2.946,-1.911,-2.965,2.946;                     0001025P0000569
110,-1.911,-2.965,2.946,-1.854,-2.965,2.946;                     0001027P0000570
144,1031,1,0,1033;                                               0001029P0000571
108,0.,0.,-1.,-2.692,0,-1.854,-2.035,2.692,0.;                   0001031P0000572
142,0,1031,0,1035,2;                                             0001033P0000573
102,4,1037,1039,1041,1043;                                       0001035P0000574
110,-1.854,-2.035,2.692,-1.854,-2.965,2.692;                     0001037P0000575
110,-1.854,-2.965,2.692,-1.911,-2.965,2.692;                     0001039P0000576
110,-1.911,-2.965,2.692,-1.911,-2.035,2.692;                     0001041P0000577
110,-1.911,-2.035,2.692,-1.854,-2.035,2.692;                     0001043P0000578
144,1047,1,0,1049;                                               0001045P0000579
108,-0.965885549,0.,0.258969314,2.985076289,0,-2.972,-2.035,     0001047P0000580
0.442,0.;                                                        0001047P0000581
142,0,1047,0,1051,2;                                             0001049P0000582
102,4,1053,1055,1057,1059;                                       0001051P0000583
110,-2.972,-2.035,0.442,-2.972,-2.965,0.442;                     0001053P0000584
110,-2.97251379,-2.965,0.442137755,-2.402,-2.965,2.57;           0001055P0000585
110,-2.402,-2.965,2.57,-2.402,-2.035,2.57;                       0001057P0000586
110,-2.40148621,-2.035,2.569862245,-2.972,-2.035,0.442;          0001059P0000587
144,1063,1,0,1065;                                               0001061P0000588
108,0.965885549,0.,-0.258969314,-2.731601324,0,-2.727,-2.965,    0001063P0000589
0.377,0.;                                                        0001063P0000590
142,0,1063,0,1067,2;                                             0001065P0000591
102,4,1069,1071,1073,1075;                                       0001067P0000592
110,-2.727,-2.965,0.377,-2.727,-2.035,0.377;                     0001069P0000593
110,-2.727263656,-2.035,0.37707069,-2.157,-2.035,2.504;          0001071P0000594
110,-2.157,-2.035,2.504,-2.157,-2.965,2.504;                     0001073P0000595
110,-2.156736344,-2.965,2.50392931,-2.727,-2.965,0.377;          0001075P0000596
144,1079,1,0,1081;                                               0001077P0000597
108,0.,0.,1.,0.254,0,-3.274,-2.035,0.254,0.;                     0001079P0000598
142,0,1079,0,1083,2;                                             0001081P0000599
102,4,1085,1087,1089,1091;                                       0001083P0000600
110,-3.274,-2.035,0.254,-3.274,-2.965,0.254;                     0001085P0000601
110,-3.274,-2.965,0.254,-3.217,-2.965,0.254;                     0001087P0000602
110,-3.217,-2.965,0.254,-3.217,-2.035,0.254;                     0001089P0000603
110,-3.217,-2.035,0.254,-3.274,-2.035,0.254;                     0001091P0000604
144,1095,1,0,1097;                                               0001093P0000605
108,0.,0.,-1.,-0.,0,-3.217,-2.035,0.,0.;                         0001095P0000606
142,0,1095,0,1099,2;                                             0001097P0000607
102,4,1101,1103,1105,1107;                                       0001099P0000608
110,-3.217,-2.035,0.,-3.217,-2.965,0.;                           0001101P0000609
110,-3.217,-2.965,0.,-3.274,-2.965,0.;                           0001103P0000610
110,-3.274,-2.965,0.,-3.274,-2.035,0.;                           0001105P0000611
110,-3.274,-2.035,0.,-3.217,-2.035,0.;                           0001107P0000612
144,1111,1,0,1113;                                               0001109P0000613
108,-1.,0.,0.,3.274,0,-3.274,-2.035,0.,0.;                       0001111P0000614
142,0,1111,0,1115,2;                                             0001113P0000615
102,4,1117,1119,1121,1123;                                       0001115P0000616
110,-3.274,-2.035,0.,-3.274,-2.965,0.;                           0001117P0000617
110,-3.274,-2.965,0.,-3.274,-2.965,0.254;                        0001119P0000618
110,-3.274,-2.965,0.254,-3.274,-2.035,0.254;                     0001121P0000619
110,-3.274,-2.035,0.254,-3.274,-2.035,0.;                        0001123P0000620
144,1127,1,0,1135;                                               0001125P0000621
120,1131,1133,4.975018482,6.283185307;                           0001127P0000622
124,0.,-1.,0.,-1.911,0.,0.,-1.,-2.965,1.,0.,0.,2.438;            0001129P0000623
110,0.,0.,1.,0.,0.,0.;                                           0001131P0000624
110,0.508,0.,-0.93,0.508,0.,0.;                                  0001133P0000625
142,0,1127,1137,1147,3;                                          0001135P0000626
102,4,1139,1141,1143,1145;                                       0001137P0000627
110,1.,6.283185307,0.,-2.220446049E-16,6.283185307,0.;           0001139P0000628
110,1.972152263E-31,6.283185307,0.,-3.123348235E-16,4.975018482, 0001141P0000629
0.;                                                              0001141P0000630
110,-3.123348235E-16,4.975018482,0.,1.,4.975018482,0.;           0001143P0000631
110,1.,4.975018482,0.,1.,6.283185307,0.;                         0001145P0000632
102,4,1149,1151,1155,1157;                                       0001147P0000633
110,-1.911,-2.965,2.946,-1.911,-2.035,2.946;                     0001149P0000634
100,0.,0.,0.,0.309413774,0.402898395,-0.308753022,0.403404972;   0001151P0000635
124,0.793107077,-0.609082232,0.,-1.911,0.,0.,-1.,-2.035,         0001153P0000636
0.609082232,0.793107077,-0.,2.438;                               0001153P0000637
110,-2.402,-2.035,2.57,-2.402,-2.965,2.57;                       0001155P0000638
100,0.,0.,0.,0.308753022,0.403404972,-0.309413774,0.402898395;   0001157P0000639
124,-0.793107077,-0.609082232,0.,-1.911,0.,0.,1.,-2.965,         0001159P0000640
-0.609082232,0.793107077,0.,2.438;                               0001159P0000641
144,1163,1,0,1171;                                               0001161P0000642
120,1167,1169,3.141592654,4.450269139;                           0001163P0000643
124,0.,-1.,0.,-1.911,0.,0.,-1.,-2.035,-1.,-0.,0.,2.438;          0001165P0000644
110,0.,0.,1.,0.,0.,0.;                                           0001167P0000645
110,0.254,0.,0.,0.254,0.,0.93;                                   0001169P0000646
142,0,1163,1173,1183,3;                                          0001171P0000647
102,4,1175,1177,1179,1181;                                       0001173P0000648
110,-7.500792469E-16,3.141592654,0.,1.,3.141592654,0.;           0001175P0000649
110,1.,3.141592654,0.,1.,4.450269139,0.;                         0001177P0000650
110,1.,4.450269139,0.,-6.661338148E-16,4.450269139,0.;           0001179P0000651
110,-4.376227381E-16,4.450269139,0.,-7.500792469E-16,            0001181P0000652
3.141592654,0.;                                                  0001181P0000653
102,4,1185,1187,1191,1193;                                       0001183P0000654
110,-1.911,-2.035,2.692,-1.911,-2.965,2.692;                     0001185P0000655
100,0.,0.,0.,0.154706887,0.201449197,-0.154479291,0.20162378;    0001187P0000656
124,0.793107077,-0.609082232,0.,-1.911,0.,0.,-1.,-2.965,         0001189P0000657
0.609082232,0.793107077,-0.,2.438;                               0001189P0000658
110,-2.157,-2.965,2.504,-2.157,-2.035,2.504;                     0001191P0000659
100,0.,0.,0.,0.154479291,0.20162378,-0.154706887,0.201449197;    0001193P0000660
124,-0.793107077,-0.609082232,0.,-1.911,0.,0.,1.,-2.035,         0001195P0000661
-0.609082232,0.793107077,0.,2.438;                               0001195P0000662
144,1199,1,0,1207;                                               0001197P0000663
120,1203,1205,3.141592654,4.449247879;                           0001199P0000664
124,0.,1.,0.,-3.217,0.,-0.,-1.,-2.035,1.,0.,0.,0.508;            0001201P0000665
110,0.,0.,1.,0.,0.,0.;                                           0001203P0000666
110,0.254,0.,0.,0.254,0.,0.93;                                   0001205P0000667
142,0,1199,1209,1219,3;                                          0001207P0000668
102,4,1211,1213,1215,1217;                                       0001209P0000669
110,-7.500792469E-16,3.141592654,0.,1.,3.141592654,0.;           0001211P0000670
110,1.,3.141592654,0.,1.,4.449247879,0.;                         0001213P0000671
110,1.,4.449247879,0.,-6.661338148E-16,4.449247879,0.;           0001215P0000672
110,-4.378665718E-16,4.449247879,0.,-7.500792469E-16,            0001217P0000673
3.141592654,0.;                                                  0001217P0000674
102,4,1221,1223,1227,1229;                                       0001219P0000675
110,-3.217,-2.035,0.254,-3.217,-2.965,0.254;                     0001221P0000676
100,0.,0.,0.,0.154706887,0.201449197,-0.1542733,0.201781439;     0001223P0000677
124,-0.793107077,0.609082232,0.,-3.217,0.,0.,-1.,-2.965,         0001225P0000678
-0.609082232,-0.793107077,-0.,0.508;                             0001225P0000679
110,-2.972,-2.965,0.442,-2.972,-2.035,0.442;                     0001227P0000680
100,0.,0.,0.,0.1542733,0.201781439,-0.154706887,0.201449197;     0001229P0000681
124,0.793107077,0.609082232,0.,-3.217,0.,0.,1.,-2.035,           0001231P0000682
0.609082232,-0.793107077,0.,0.508;                               0001231P0000683
144,1235,1,0,1243;                                               0001233P0000684
120,1239,1241,4.973626373,6.283185307;                           0001235P0000685
124,0.,1.,0.,-3.217,0.,0.,-1.,-2.035,-1.,0.,0.,0.508;            0001237P0000686
110,0.,0.,1.,0.,0.,0.;                                           0001239P0000687
110,0.508,0.,0.,0.508,0.,0.93;                                   0001241P0000688
142,0,1235,1245,1255,3;                                          0001243P0000689
102,4,1247,1249,1251,1253;                                       0001245P0000690
110,1.,6.283185307,0.,-2.220446049E-16,6.283185307,0.;           0001247P0000691
110,1.972152263E-31,6.283185307,0.,-3.126672001E-16,4.973626373, 0001249P0000692
0.;                                                              0001249P0000693
110,-3.126672001E-16,4.973626373,0.,1.,4.973626373,0.;           0001251P0000694
110,1.,4.973626373,0.,1.,6.283185307,0.;                         0001253P0000695
102,4,1257,1259,1263,1265;                                       0001255P0000696
110,-3.217,-2.965,0.,-3.217,-2.035,0.;                           0001257P0000697
100,0.,0.,0.,0.309413774,0.402898395,-0.309314306,0.402974763;   0001259P0000698
124,-0.793107077,0.609082232,0.,-3.217,0.,0.,-1.,-2.035,         0001261P0000699
-0.609082232,-0.793107077,-0.,0.508;                             0001261P0000700
110,-2.727,-2.035,0.377,-2.727,-2.965,0.377;                     0001263P0000701
100,0.,0.,0.,0.309314306,0.402974763,-0.309413774,0.402898395;   0001265P0000702
124,0.793107077,0.609082232,0.,-3.217,0.,0.,1.,-2.965,           0001267P0000703
0.609082232,-0.793107077,0.,0.508;                               0001267P0000704
144,1271,1,0,1273;                                               0001269P0000705
108,0.,1.,0.,-2.035,0,-1.854,-2.035,2.692,0.;                    0001271P0000706
142,0,1271,0,1275,2;                                             0001273P0000707
102,12,1277,1279,1281,1283,1287,1289,1293,1295,1297,1299,1303,   0001275P0000708
1305;                                                            0001275P0000709
110,-1.911,-2.035,2.946,-1.854,-2.035,2.946;                     0001277P0000710
110,-1.854,-2.035,2.946,-1.854,-2.035,2.692;                     0001279P0000711
110,-1.854,-2.035,2.692,-1.911,-2.035,2.692;                     0001281P0000712
100,0.,0.,0.,-0.154706887,-0.201449197,0.154479291,-0.20162378;  0001283P0000713
124,-0.793107077,0.609082232,0.,-1.911,0.,0.,-1.,-2.035,         0001285P0000714
-0.609082232,-0.793107077,0.,2.438;                              0001285P0000715
110,-2.157,-2.035,2.504,-2.727263656,-2.035,0.37707069;          0001287P0000716
100,0.,0.,0.,-0.309314306,-0.402974763,0.309413774,-0.402898395; 0001289P0000717
124,-0.793107077,-0.609082232,0.,-3.217,0.,0.,1.,-2.035,         0001291P0000718
-0.609082232,0.793107077,0.,0.508;                               0001291P0000719
110,-3.217,-2.035,0.,-3.274,-2.035,0.;                           0001293P0000720
110,-3.274,-2.035,0.,-3.274,-2.035,0.254;                        0001295P0000721
110,-3.274,-2.035,0.254,-3.217,-2.035,0.254;                     0001297P0000722
100,0.,0.,0.,-0.154706887,-0.201449197,0.1542733,-0.201781439;   0001299P0000723
124,0.793107077,-0.609082232,0.,-3.217,0.,0.,-1.,-2.035,         0001301P0000724
0.609082232,0.793107077,0.,0.508;                                0001301P0000725
110,-2.972,-2.035,0.442,-2.40148621,-2.035,2.569862245;          0001303P0000726
100,0.,0.,0.,-0.308753022,-0.403404972,0.309413774,-0.402898395; 0001305P0000727
124,0.793107077,0.609082232,0.,-1.911,0.,0.,1.,-2.035,           0001307P0000728
0.609082232,-0.793107077,0.,2.438;                               0001307P0000729
144,1311,1,0,1313;                                               0001309P0000730
108,0.,-1.,0.,2.965,0,-3.217,-2.965,0.254,0.;                    0001311P0000731
142,0,1311,0,1315,2;                                             0001313P0000732
102,12,1317,1319,1321,1323,1327,1329,1333,1335,1337,1339,1343,   0001315P0000733
1345;                                                            0001315P0000734
110,-1.911,-2.965,2.692,-1.854,-2.965,2.692;                     0001317P0000735
110,-1.854,-2.965,2.692,-1.854,-2.965,2.946;                     0001319P0000736
110,-1.854,-2.965,2.946,-1.911,-2.965,2.946;                     0001321P0000737
100,0.,0.,0.,-0.309413774,-0.402898395,0.308753022,-0.403404972; 0001323P0000738
124,-0.793107077,0.609082232,0.,-1.911,0.,0.,-1.,-2.965,         0001325P0000739
-0.609082232,-0.793107077,0.,2.438;                              0001325P0000740
110,-2.402,-2.965,2.57,-2.97251379,-2.965,0.442137755;           0001327P0000741
100,0.,0.,0.,-0.1542733,-0.201781439,0.154706887,-0.201449197;   0001329P0000742
124,-0.793107077,-0.609082232,0.,-3.217,0.,0.,1.,-2.965,         0001331P0000743
-0.609082232,0.793107077,0.,0.508;                               0001331P0000744
110,-3.217,-2.965,0.254,-3.274,-2.965,0.254;                     0001333P0000745
110,-3.274,-2.965,0.254,-3.274,-2.965,0.;                        0001335P0000746
110,-3.274,-2.965,0.,-3.217,-2.965,0.;                           0001337P0000747
100,0.,0.,0.,-0.309413774,-0.402898395,0.309314306,-0.402974763; 0001339P0000748
124,0.793107077,-0.609082232,0.,-3.217,0.,0.,-1.,-2.965,         0001341P0000749
0.609082232,0.793107077,0.,0.508;                                0001341P0000750
110,-2.727,-2.965,0.377,-2.156736344,-2.965,2.50392931;          0001343P0000751
100,0.,0.,0.,-0.154479291,-0.20162378,0.154706887,-0.201449197;  0001345P0000752
124,0.793107077,0.609082232,0.,-1.911,0.,0.,1.,-2.965,           0001347P0000753
0.609082232,-0.793107077,0.,2.438;                               0001347P0000754
402,14,1351,1367,1383,1399,1415,1431,1447,1463,1479,1515,1551,   0001349P0000755
1587,1623,1663;                                                  0001349P0000756
144,1353,1,0,1355;                                               0001351P0000757
108,-1.,0.,0.,-1.854,0,1.854,-2.035,2.692,0.;                    0001353P0000758
142,0,1353,0,1357,2;                                             0001355P0000759
102,4,1359,1361,1363,1365;                                       0001357P0000760
110,1.854,-2.035,2.692,1.854,-2.965,2.692;                       0001359P0000761
110,1.854,-2.965,2.692,1.854,-2.965,2.946;                       0001361P0000762
110,1.854,-2.965,2.946,1.854,-2.035,2.946;                       0001363P0000763
110,1.854,-2.035,2.946,1.854,-2.035,2.692;                       0001365P0000764
144,1369,1,0,1371;                                               0001367P0000765
108,0.,0.,1.,2.946,0,1.854,-2.035,2.946,0.;                      0001369P0000766
142,0,1369,0,1373,2;                                             0001371P0000767
102,4,1375,1377,1379,1381;                                       0001373P0000768
110,1.854,-2.035,2.946,1.854,-2.965,2.946;                       0001375P0000769
110,1.854,-2.965,2.946,1.911,-2.965,2.946;                       0001377P0000770
110,1.911,-2.965,2.946,1.911,-2.035,2.946;                       0001379P0000771
110,1.911,-2.035,2.946,1.854,-2.035,2.946;                       0001381P0000772
144,1385,1,0,1387;                                               0001383P0000773
108,0.,0.,-1.,-2.692,0,1.854,-2.965,2.692,0.;                    0001385P0000774
142,0,1385,0,1389,2;                                             0001387P0000775
102,4,1391,1393,1395,1397;                                       0001389P0000776
110,1.854,-2.965,2.692,1.854,-2.035,2.692;                       0001391P0000777
110,1.854,-2.035,2.692,1.911,-2.035,2.692;                       0001393P0000778
110,1.911,-2.035,2.692,1.911,-2.965,2.692;                       0001395P0000779
110,1.911,-2.965,2.692,1.854,-2.965,2.692;                       0001397P0000780
144,1401,1,0,1403;                                               0001399P0000781
108,0.965885549,0.,0.258969314,2.985076289,0,2.972,-2.965,0.442, 0001401P0000782
0.;                                                              0001401P0000783
142,0,1401,0,1405,2;                                             0001403P0000784
102,4,1407,1409,1411,1413;                                       0001405P0000785
110,2.972,-2.965,0.442,2.972,-2.035,0.442;                       0001407P0000786
110,2.97251379,-2.035,0.442137755,2.402,-2.035,2.57;             0001409P0000787
110,2.402,-2.035,2.57,2.402,-2.965,2.57;                         0001411P0000788
110,2.40148621,-2.965,2.569862245,2.972,-2.965,0.442;            0001413P0000789
144,1417,1,0,1419;                                               0001415P0000790
108,-0.965885549,0.,-0.258969314,-2.731601324,0,2.727,-2.035,    0001417P0000791
0.377,0.;                                                        0001417P0000792
142,0,1417,0,1421,2;                                             0001419P0000793
102,4,1423,1425,1427,1429;                                       0001421P0000794
110,2.727,-2.035,0.377,2.727,-2.965,0.377;                       0001423P0000795
110,2.727263656,-2.965,0.37707069,2.157,-2.965,2.504;            0001425P0000796
110,2.157,-2.965,2.504,2.157,-2.035,2.504;                       0001427P0000797
110,2.156736344,-2.035,2.50392931,2.727,-2.035,0.377;            0001429P0000798
144,1433,1,0,1435;                                               0001431P0000799
108,0.,0.,1.,0.254,0,3.274,-2.965,0.254,0.;                      0001433P0000800
142,0,1433,0,1437,2;                                             0001435P0000801
102,4,1439,1441,1443,1445;                                       0001437P0000802
110,3.274,-2.965,0.254,3.274,-2.035,0.254;                       0001439P0000803
110,3.274,-2.035,0.254,3.217,-2.035,0.254;                       0001441P0000804
110,3.217,-2.035,0.254,3.217,-2.965,0.254;                       0001443P0000805
110,3.217,-2.965,0.254,3.274,-2.965,0.254;                       0001445P0000806
144,1449,1,0,1451;                                               0001447P0000807
108,0.,0.,-1.,0.,0,3.217,-2.965,0.,0.;                           0001449P0000808
142,0,1449,0,1453,2;                                             0001451P0000809
102,4,1455,1457,1459,1461;                                       0001453P0000810
110,3.217,-2.965,0.,3.217,-2.035,0.;                             0001455P0000811
110,3.217,-2.035,0.,3.274,-2.035,0.;                             0001457P0000812
110,3.274,-2.035,0.,3.274,-2.965,0.;                             0001459P0000813
110,3.274,-2.965,0.,3.217,-2.965,0.;                             0001461P0000814
144,1465,1,0,1467;                                               0001463P0000815
108,1.,0.,0.,3.274,0,3.274,-2.965,0.,0.;                         0001465P0000816
142,0,1465,0,1469,2;                                             0001467P0000817
102,4,1471,1473,1475,1477;                                       0001469P0000818
110,3.274,-2.965,0.,3.274,-2.035,0.;                             0001471P0000819
110,3.274,-2.035,0.,3.274,-2.035,0.254;                          0001473P0000820
110,3.274,-2.035,0.254,3.274,-2.965,0.254;                       0001475P0000821
110,3.274,-2.965,0.254,3.274,-2.965,0.;                          0001477P0000822
144,1481,1,0,1489;                                               0001479P0000823
120,1485,1487,4.975018482,6.283185307;                           0001481P0000824
124,0.,1.,0.,1.911,0.,0.,1.,-2.035,1.,0.,0.,2.438;               0001483P0000825
110,0.,0.,1.,0.,0.,0.;                                           0001485P0000826
110,0.508,0.,-0.93,0.508,0.,0.;                                  0001487P0000827
142,0,1481,1491,1501,3;                                          0001489P0000828
102,4,1493,1495,1497,1499;                                       0001491P0000829
110,1.,6.283185307,0.,-2.220446049E-16,6.283185307,0.;           0001493P0000830
110,1.972152263E-31,6.283185307,0.,-3.123348235E-16,4.975018482, 0001495P0000831
0.;                                                              0001495P0000832
110,-3.123348235E-16,4.975018482,0.,1.,4.975018482,0.;           0001497P0000833
110,1.,4.975018482,0.,1.,6.283185307,0.;                         0001499P0000834
102,4,1503,1505,1509,1511;                                       0001501P0000835
110,1.911,-2.035,2.946,1.911,-2.965,2.946;                       0001503P0000836
100,0.,0.,0.,0.309413774,0.402898395,-0.308753022,0.403404972;   0001505P0000837
124,-0.793107077,0.609082232,0.,1.911,0.,0.,1.,-2.965,           0001507P0000838
0.609082232,0.793107077,0.,2.438;                                0001507P0000839
110,2.402,-2.965,2.57,2.402,-2.035,2.57;                         0001509P0000840
100,0.,0.,0.,0.308753022,0.403404972,-0.309413774,0.402898395;   0001511P0000841
124,0.793107077,0.609082232,0.,1.911,0.,0.,-1.,-2.035,           0001513P0000842
-0.609082232,0.793107077,-0.,2.438;                              0001513P0000843
144,1517,1,0,1525;                                               0001515P0000844
120,1521,1523,3.141592654,4.450269139;                           0001517P0000845
124,0.,1.,0.,1.911,0.,-0.,1.,-2.965,-1.,0.,0.,2.438;             0001519P0000846
110,0.,0.,1.,0.,0.,0.;                                           0001521P0000847
110,0.254,0.,0.,0.254,0.,0.93;                                   0001523P0000848
142,0,1517,1527,1537,3;                                          0001525P0000849
102,4,1529,1531,1533,1535;                                       0001527P0000850
110,-7.500792469E-16,3.141592654,0.,1.,3.141592654,0.;           0001529P0000851
110,1.,3.141592654,0.,1.,4.450269139,0.;                         0001531P0000852
110,1.,4.450269139,0.,-6.661338148E-16,4.450269139,0.;           0001533P0000853
110,-4.376227381E-16,4.450269139,0.,-7.500792469E-16,            0001535P0000854
3.141592654,0.;                                                  0001535P0000855
102,4,1539,1541,1545,1547;                                       0001537P0000856
110,1.911,-2.965,2.692,1.911,-2.035,2.692;                       0001539P0000857
100,0.,0.,0.,0.154706887,0.201449197,-0.154479291,0.20162378;    0001541P0000858
124,-0.793107077,0.609082232,0.,1.911,0.,0.,1.,-2.035,           0001543P0000859
0.609082232,0.793107077,0.,2.438;                                0001543P0000860
110,2.157,-2.035,2.504,2.157,-2.965,2.504;                       0001545P0000861
100,0.,0.,0.,0.154479291,0.20162378,-0.154706887,0.201449197;    0001547P0000862
124,0.793107077,0.609082232,0.,1.911,0.,0.,-1.,-2.965,           0001549P0000863
-0.609082232,0.793107077,-0.,2.438;                              0001549P0000864
144,1553,1,0,1561;                                               0001551P0000865
120,1557,1559,3.141592654,4.449247879;                           0001553P0000866
124,0.,-1.,0.,3.217,0.,0.,1.,-2.965,1.,0.,0.,0.508;              0001555P0000867
110,0.,0.,1.,0.,0.,0.;                                           0001557P0000868
110,0.254,0.,0.,0.254,0.,0.93;                                   0001559P0000869
142,0,1553,1563,1573,3;                                          0001561P0000870
102,4,1565,1567,1569,1571;                                       0001563P0000871
110,-7.500792469E-16,3.141592654,0.,1.,3.141592654,0.;           0001565P0000872
110,1.,3.141592654,0.,1.,4.449247879,0.;                         0001567P0000873
110,1.,4.449247879,0.,-6.661338148E-16,4.449247879,0.;           0001569P0000874
110,-4.378665718E-16,4.449247879,0.,-7.500792469E-16,            0001571P0000875
3.141592654,0.;                                                  0001571P0000876
102,4,1575,1577,1581,1583;                                       0001573P0000877
110,3.217,-2.965,0.254,3.217,-2.035,0.254;                       0001575P0000878
100,0.,0.,0.,0.154706887,0.201449197,-0.1542733,0.201781439;     0001577P0000879
124,0.793107077,-0.609082232,0.,3.217,0.,0.,1.,-2.035,           0001579P0000880
-0.609082232,-0.793107077,0.,0.508;                              0001579P0000881
110,2.972,-2.035,0.442,2.972,-2.965,0.442;                       0001581P0000882
100,0.,0.,0.,0.1542733,0.201781439,-0.154706887,0.201449197;     0001583P0000883
124,-0.793107077,-0.609082232,0.,3.217,0.,0.,-1.,-2.965,         0001585P0000884
0.609082232,-0.793107077,-0.,0.508;                              0001585P0000885
144,1589,1,0,1597;                                               0001587P0000886
120,1593,1595,4.973626373,6.283185307;                           0001589P0000887
124,0.,-1.,0.,3.217,0.,0.,1.,-2.965,-1.,0.,0.,0.508;             0001591P0000888
110,0.,0.,1.,0.,0.,0.;                                           0001593P0000889
110,0.508,0.,0.,0.508,0.,0.93;                                   0001595P0000890
142,0,1589,1599,1609,3;                                          0001597P0000891
102,4,1601,1603,1605,1607;                                       0001599P0000892
110,1.,6.283185307,0.,-2.220446049E-16,6.283185307,0.;           0001601P0000893
110,1.972152263E-31,6.283185307,0.,-3.126672001E-16,4.973626373, 0001603P0000894
0.;                                                              0001603P0000895
110,-3.126672001E-16,4.973626373,0.,1.,4.973626373,0.;           0001605P0000896
110,1.,4.973626373,0.,1.,6.283185307,0.;                         0001607P0000897
102,4,1611,1613,1617,1619;                                       0001609P0000898
110,3.217,-2.035,0.,3.217,-2.965,0.;                             0001611P0000899
100,0.,0.,0.,0.309413774,0.402898395,-0.309314306,0.402974763;   0001613P0000900
124,0.793107077,-0.609082232,0.,3.217,0.,0.,1.,-2.965,           0001615P0000901
-0.609082232,-0.793107077,0.,0.508;                              0001615P0000902
110,2.727,-2.965,0.377,2.727,-2.035,0.377;                       0001617P0000903
100,0.,0.,0.,0.309314306,0.402974763,-0.309413774,0.402898395;   0001619P0000904
124,-0.793107077,-0.609082232,0.,3.217,0.,0.,-1.,-2.035,         0001621P0000905
0.609082232,-0.793107077,-0.,0.508;                              0001621P0000906
144,1625,1,0,1627;                                               0001623P0000907
108,0.,-1.,0.,2.965,0,1.854,-2.965,2.692,0.;                     0001625P0000908
142,0,1625,0,1629,2;                                             0001627P0000909
102,12,1631,1633,1635,1637,1641,1643,1647,1649,1651,1653,1657,   0001629P0000910
1659;                                                            0001629P0000911
110,1.911,-2.965,2.946,1.854,-2.965,2.946;                       0001631P0000912
110,1.854,-2.965,2.946,1.854,-2.965,2.692;                       0001633P0000913
110,1.854,-2.965,2.692,1.911,-2.965,2.692;                       0001635P0000914
100,0.,0.,0.,-0.154706887,-0.201449197,0.154479291,-0.20162378;  0001637P0000915
124,0.793107077,-0.609082232,0.,1.911,0.,0.,1.,-2.965,           0001639P0000916
-0.609082232,-0.793107077,0.,2.438;                              0001639P0000917
110,2.157,-2.965,2.504,2.727263656,-2.965,0.37707069;            0001641P0000918
100,0.,0.,0.,-0.309314306,-0.402974763,0.309413774,-0.402898395; 0001643P0000919
124,0.793107077,0.609082232,0.,3.217,0.,0.,-1.,-2.965,           0001645P0000920
-0.609082232,0.793107077,0.,0.508;                               0001645P0000921
110,3.217,-2.965,0.,3.274,-2.965,0.;                             0001647P0000922
110,3.274,-2.965,0.,3.274,-2.965,0.254;                          0001649P0000923
110,3.274,-2.965,0.254,3.217,-2.965,0.254;                       0001651P0000924
100,0.,0.,0.,-0.154706887,-0.201449197,0.1542733,-0.201781439;   0001653P0000925
124,-0.793107077,0.609082232,0.,3.217,0.,0.,1.,-2.965,           0001655P0000926
0.609082232,0.793107077,0.,0.508;                                0001655P0000927
110,2.972,-2.965,0.442,2.40148621,-2.965,2.569862245;            0001657P0000928
100,0.,0.,0.,-0.308753022,-0.403404972,0.309413774,-0.402898395; 0001659P0000929
124,-0.793107077,-0.609082232,0.,1.911,0.,0.,-1.,-2.965,         0001661P0000930
0.609082232,-0.793107077,0.,2.438;                               0001661P0000931
144,1665,1,0,1667;                                               0001663P0000932
108,0.,1.,0.,-2.035,0,3.217,-2.035,0.254,0.;                     0001665P0000933
142,0,1665,0,1669,2;                                             0001667P0000934
102,12,1671,1673,1675,1677,1681,1683,1687,1689,1691,1693,1697,   0001669P0000935
1699;                                                            0001669P0000936
110,1.911,-2.035,2.692,1.854,-2.035,2.692;                       0001671P0000937
110,1.854,-2.035,2.692,1.854,-2.035,2.946;                       0001673P0000938
110,1.854,-2.035,2.946,1.911,-2.035,2.946;                       0001675P0000939
100,0.,0.,0.,-0.309413774,-0.402898395,0.308753022,-0.403404972; 0001677P0000940
124,0.793107077,-0.609082232,0.,1.911,0.,0.,1.,-2.035,           0001679P0000941
-0.609082232,-0.793107077,0.,2.438;                              0001679P0000942
110,2.402,-2.035,2.57,2.97251379,-2.035,0.442137755;             0001681P0000943
100,0.,0.,0.,-0.1542733,-0.201781439,0.154706887,-0.201449197;   0001683P0000944
124,0.793107077,0.609082232,0.,3.217,0.,0.,-1.,-2.035,           0001685P0000945
-0.609082232,0.793107077,0.,0.508;                               0001685P0000946
110,3.217,-2.035,0.254,3.274,-2.035,0.254;                       0001687P0000947
110,3.274,-2.035,0.254,3.274,-2.035,0.;                          0001689P0000948
110,3.274,-2.035,0.,3.217,-2.035,0.;                             0001691P0000949
100,0.,0.,0.,-0.309413774,-0.402898395,0.309314306,-0.402974763; 0001693P0000950
124,-0.793107077,0.609082232,0.,3.217,0.,0.,1.,-2.035,           0001695P0000951
0.609082232,0.793107077,0.,0.508;                                0001695P0000952
110,2.727,-2.035,0.377,2.156736344,-2.035,2.50392931;            0001697P0000953
100,0.,0.,0.,-0.154479291,-0.20162378,0.154706887,-0.201449197;  0001699P0000954
124,-0.793107077,-0.609082232,0.,1.911,0.,0.,-1.,-2.035,         0001701P0000955
0.609082232,-0.793107077,0.,2.438;                               0001701P0000956
402,14,1705,1721,1737,1753,1769,1785,1801,1817,1833,1869,1905,   0001703P0000957
1941,1977,2017;                                                  0001703P0000958
144,1707,1,0,1709;                                               0001705P0000959
108,-1.,0.,0.,-1.854,0,1.854,0.465,2.692,0.;                     0001707P0000960
142,0,1707,0,1711,2;                                             0001709P0000961
102,4,1713,1715,1717,1719;                                       0001711P0000962
110,1.854,0.465,2.692,1.854,-0.465,2.692;                        0001713P0000963
110,1.854,-0.465,2.692,1.854,-0.465,2.946;                       0001715P0000964
110,1.854,-0.465,2.946,1.854,0.465,2.946;                        0001717P0000965
110,1.854,0.465,2.946,1.854,0.465,2.692;                         0001719P0000966
144,1723,1,0,1725;                                               0001721P0000967
108,0.,0.,1.,2.946,0,1.854,0.465,2.946,0.;                       0001723P0000968
142,0,1723,0,1727,2;                                             0001725P0000969
102,4,1729,1731,1733,1735;                                       0001727P0000970
110,1.854,0.465,2.946,1.854,-0.465,2.946;                        0001729P0000971
110,1.854,-0.465,2.946,1.911,-0.465,2.946;                       0001731P0000972
110,1.911,-0.465,2.946,1.911,0.465,2.946;                        0001733P0000973
110,1.911,0.465,2.946,1.854,0.465,2.946;                         0001735P0000974
144,1739,1,0,1741;                                               0001737P0000975
108,0.,0.,-1.,-2.692,0,1.854,-0.465,2.692,0.;                    0001739P0000976
142,0,1739,0,1743,2;                                             0001741P0000977
102,4,1745,1747,1749,1751;                                       0001743P0000978
110,1.854,-0.465,2.692,1.854,0.465,2.692;                        0001745P0000979
110,1.854,0.465,2.692,1.911,0.465,2.692;                         0001747P0000980
110,1.911,0.465,2.692,1.911,-0.465,2.692;                        0001749P0000981
110,1.911,-0.465,2.692,1.854,-0.465,2.692;                       0001751P0000982
144,1755,1,0,1757;                                               0001753P0000983
108,0.965885549,0.,0.258969314,2.985076289,0,2.972,-0.465,0.442, 0001755P0000984
0.;                                                              0001755P0000985
142,0,1755,0,1759,2;                                             0001757P0000986
102,4,1761,1763,1765,1767;                                       0001759P0000987
110,2.972,-0.465,0.442,2.972,0.465,0.442;                        0001761P0000988
110,2.97251379,0.465,0.442137755,2.402,0.465,2.57;               0001763P0000989
110,2.402,0.465,2.57,2.402,-0.465,2.57;                          0001765P0000990
110,2.40148621,-0.465,2.569862245,2.972,-0.465,0.442;            0001767P0000991
144,1771,1,0,1773;                                               0001769P0000992
108,-0.965885549,0.,-0.258969314,-2.731601324,0,2.727,0.465,     0001771P0000993
0.377,0.;                                                        0001771P0000994
142,0,1771,0,1775,2;                                             0001773P0000995
102,4,1777,1779,1781,1783;                                       0001775P0000996
110,2.727,0.465,0.377,2.727,-0.465,0.377;                        0001777P0000997
110,2.727263656,-0.465,0.37707069,2.157,-0.465,2.504;            0001779P0000998
110,2.157,-0.465,2.504,2.157,0.465,2.504;                        0001781P0000999
110,2.156736344,0.465,2.50392931,2.727,0.465,0.377;              0001783P0001000
144,1787,1,0,1789;                                               0001785P0001001
108,0.,0.,1.,0.254,0,3.274,-0.465,0.254,0.;                      0001787P0001002
142,0,1787,0,1791,2;                                             0001789P0001003
102,4,1793,1795,1797,1799;                                       0001791P0001004
110,3.274,-0.465,0.254,3.274,0.465,0.254;                        0001793P0001005
110,3.274,0.465,0.254,3.217,0.465,0.254;                         0001795P0001006
110,3.217,0.465,0.254,3.217,-0.465,0.254;                        0001797P0001007
110,3.217,-0.465,0.254,3.274,-0.465,0.254;                       0001799P0001008
144,1803,1,0,1805;                                               0001801P0001009
108,0.,0.,-1.,0.,0,3.217,-0.465,0.,0.;                           0001803P0001010
142,0,1803,0,1807,2;                                             0001805P0001011
102,4,1809,1811,1813,1815;                                       0001807P0001012
110,3.217,-0.465,0.,3.217,0.465,0.;                              0001809P0001013
110,3.217,0.465,0.,3.274,0.465,0.;                               0001811P0001014
110,3.274,0.465,0.,3.274,-0.465,0.;                              0001813P0001015
110,3.274,-0.465,0.,3.217,-0.465,0.;                             0001815P0001016
144,1819,1,0,1821;                                               0001817P0001017
108,1.,0.,0.,3.274,0,3.274,-0.465,0.,0.;                         0001819P0001018
142,0,1819,0,1823,2;                                             0001821P0001019
102,4,1825,1827,1829,1831;                                       0001823P0001020
110,3.274,-0.465,0.,3.274,0.465,0.;                              0001825P0001021
110,3.274,0.465,0.,3.274,0.465,0.254;                            0001827P0001022
110,3.274,0.465,0.254,3.274,-0.465,0.254;                        0001829P0001023
110,3.274,-0.465,0.254,3.274,-0.465,0.;                          0001831P0001024
144,1835,1,0,1843;                                               0001833P0001025
120,1839,1841,4.975018482,6.283185307;                           0001835P0001026
124,0.,1.,0.,1.911,0.,0.,1.,0.465,1.,0.,0.,2.438;                0001837P0001027
110,0.,0.,1.,0.,0.,0.;                                           0001839P0001028
110,0.508,0.,-0.93,0.508,0.,0.;                                  0001841P0001029
142,0,1835,1845,1855,3;                                          0001843P0001030
102,4,1847,1849,1851,1853;                                       0001845P0001031
110,1.,6.283185307,0.,-2.220446049E-16,6.283185307,0.;           0001847P0001032
110,2.465190329E-31,6.283185307,0.,-3.123348235E-16,4.975018482, 0001849P0001033
0.;                                                              0001849P0001034
110,-3.123348235E-16,4.975018482,0.,1.,4.975018482,0.;           0001851P0001035
110,1.,4.975018482,0.,1.,6.283185307,0.;                         0001853P0001036
102,4,1857,1859,1863,1865;                                       0001855P0001037
110,1.911,0.465,2.946,1.911,-0.465,2.946;                        0001857P0001038
100,0.,0.,0.,0.309413774,0.402898395,-0.308753022,0.403404972;   0001859P0001039
124,-0.793107077,0.609082232,0.,1.911,0.,0.,1.,-0.465,           0001861P0001040
0.609082232,0.793107077,0.,2.438;                                0001861P0001041
110,2.402,-0.465,2.57,2.402,0.465,2.57;                          0001863P0001042
100,0.,0.,0.,0.308753022,0.403404972,-0.309413774,0.402898395;   0001865P0001043
124,0.793107077,0.609082232,0.,1.911,0.,0.,-1.,0.465,            0001867P0001044
-0.609082232,0.793107077,-0.,2.438;                              0001867P0001045
144,1871,1,0,1879;                                               0001869P0001046
120,1875,1877,3.141592654,4.450269139;                           0001871P0001047
124,0.,1.,0.,1.911,0.,-0.,1.,-0.465,-1.,0.,0.,2.438;             0001873P0001048
110,0.,0.,1.,0.,0.,0.;                                           0001875P0001049
110,0.254,0.,0.,0.254,0.,0.93;                                   0001877P0001050
142,0,1871,1881,1891,3;                                          0001879P0001051
102,4,1883,1885,1887,1889;                                       0001881P0001052
110,-7.500792469E-16,3.141592654,0.,1.,3.141592654,0.;           0001883P0001053
110,1.,3.141592654,0.,1.,4.450269139,0.;                         0001885P0001054
110,1.,4.450269139,0.,-6.661338148E-16,4.450269139,0.;           0001887P0001055
110,-4.376227381E-16,4.450269139,0.,-7.500792469E-16,            0001889P0001056
3.141592654,0.;                                                  0001889P0001057
102,4,1893,1895,1899,1901;                                       0001891P0001058
110,1.911,-0.465,2.692,1.911,0.465,2.692;                        0001893P0001059
100,0.,0.,0.,0.154706887,0.201449197,-0.154479291,0.20162378;    0001895P0001060
124,-0.793107077,0.609082232,0.,1.911,0.,0.,1.,0.465,            0001897P0001061
0.609082232,0.793107077,0.,2.438;                                0001897P0001062
110,2.157,0.465,2.504,2.157,-0.465,2.504;                        0001899P0001063
100,0.,0.,0.,0.154479291,0.20162378,-0.154706887,0.201449197;    0001901P0001064
124,0.793107077,0.609082232,0.,1.911,0.,0.,-1.,-0.465,           0001903P0001065
-0.609082232,0.793107077,-0.,2.438;                              0001903P0001066
144,1907,1,0,1915;                                               0001905P0001067
120,1911,1913,3.141592654,4.449247879;                           0001907P0001068
124,0.,-1.,0.,3.217,0.,0.,1.,-0.465,1.,0.,0.,0.508;              0001909P0001069
110,0.,0.,1.,0.,0.,0.;                                           0001911P0001070
110,0.254,0.,0.,0.254,0.,0.93;                                   0001913P0001071
142,0,1907,1917,1927,3;                                          0001915P0001072
102,4,1919,1921,1923,1925;                                       0001917P0001073
110,-7.500792469E-16,3.141592654,0.,1.,3.141592654,0.;           0001919P0001074
110,1.,3.141592654,0.,1.,4.449247879,0.;                         0001921P0001075
110,1.,4.449247879,0.,-6.661338148E-16,4.449247879,0.;           0001923P0001076
110,-4.378665718E-16,4.449247879,0.,-7.500792469E-16,            0001925P0001077
3.141592654,0.;                                                  0001925P0001078
102,4,1929,1931,1935,1937;                                       0001927P0001079
110,3.217,-0.465,0.254,3.217,0.465,0.254;                        0001929P0001080
100,0.,0.,0.,0.154706887,0.201449197,-0.1542733,0.201781439;     0001931P0001081
124,0.793107077,-0.609082232,0.,3.217,0.,0.,1.,0.465,            0001933P0001082
-0.609082232,-0.793107077,0.,0.508;                              0001933P0001083
110,2.972,0.465,0.442,2.972,-0.465,0.442;                        0001935P0001084
100,0.,0.,0.,0.1542733,0.201781439,-0.154706887,0.201449197;     0001937P0001085
124,-0.793107077,-0.609082232,0.,3.217,0.,0.,-1.,-0.465,         0001939P0001086
0.609082232,-0.793107077,-0.,0.508;                              0001939P0001087
144,1943,1,0,1951;                                               0001941P0001088
120,1947,1949,4.973626373,6.283185307;                           0001943P0001089
124,0.,-1.,0.,3.217,0.,0.,1.,-0.465,-1.,0.,0.,0.508;             0001945P0001090
110,0.,0.,1.,0.,0.,0.;                                           0001947P0001091
110,0.508,0.,0.,0.508,0.,0.93;                                   0001949P0001092
142,0,1943,1953,1963,3;                                          0001951P0001093
102,4,1955,1957,1959,1961;                                       0001953P0001094
110,1.,6.283185307,0.,-2.220446049E-16,6.283185307,0.;           0001955P0001095
110,1.972152263E-31,6.283185307,0.,-3.126672001E-16,4.973626373, 0001957P0001096
0.;                                                              0001957P0001097
110,-3.126672001E-16,4.973626373,0.,1.,4.973626373,0.;           0001959P0001098
110,1.,4.973626373,0.,1.,6.283185307,0.;                         0001961P0001099
102,4,1965,1967,1971,1973;                                       0001963P0001100
110,3.217,0.465,0.,3.217,-0.465,0.;                              0001965P0001101
100,0.,0.,0.,0.309413774,0.402898395,-0.309314306,0.402974763;   0001967P0001102
124,0.793107077,-0.609082232,0.,3.217,0.,0.,1.,-0.465,           0001969P0001103
-0.609082232,-0.793107077,0.,0.508;                              0001969P0001104
110,2.727,-0.465,0.377,2.727,0.465,0.377;                        0001971P0001105
100,0.,0.,0.,0.309314306,0.402974763,-0.309413774,0.402898395;   0001973P0001106
124,-0.793107077,-0.609082232,0.,3.217,0.,0.,-1.,0.465,          0001975P0001107
0.609082232,-0.793107077,-0.,0.508;                              0001975P0001108
144,1979,1,0,1981;                                               0001977P0001109
108,0.,-1.,0.,0.465,0,1.854,-0.465,2.692,0.;                     0001979P0001110
142,0,1979,0,1983,2;                                             0001981P0001111
102,12,1985,1987,1989,1991,1995,1997,2001,2003,2005,2007,2011,   0001983P0001112
2013;                                                            0001983P0001113
110,1.911,-0.465,2.946,1.854,-0.465,2.946;                       0001985P0001114
110,1.854,-0.465,2.946,1.854,-0.465,2.692;                       0001987P0001115
110,1.854,-0.465,2.692,1.911,-0.465,2.692;                       0001989P0001116
100,0.,0.,0.,-0.154706887,-0.201449197,0.154479291,-0.20162378;  0001991P0001117
124,0.793107077,-0.609082232,0.,1.911,0.,0.,1.,-0.465,           0001993P0001118
-0.609082232,-0.793107077,0.,2.438;                              0001993P0001119
110,2.157,-0.465,2.504,2.727263656,-0.465,0.37707069;            0001995P0001120
100,0.,0.,0.,-0.309314306,-0.402974763,0.309413774,-0.402898395; 0001997P0001121
124,0.793107077,0.609082232,0.,3.217,0.,0.,-1.,-0.465,           0001999P0001122
-0.609082232,0.793107077,0.,0.508;                               0001999P0001123
110,3.217,-0.465,0.,3.274,-0.465,0.;                             0002001P0001124
110,3.274,-0.465,0.,3.274,-0.465,0.254;                          0002003P0001125
110,3.274,-0.465,0.254,3.217,-0.465,0.254;                       0002005P0001126
100,0.,0.,0.,-0.154706887,-0.201449197,0.1542733,-0.201781439;   0002007P0001127
124,-0.793107077,0.609082232,0.,3.217,0.,0.,1.,-0.465,           0002009P0001128
0.609082232,0.793107077,0.,0.508;                                0002009P0001129
110,2.972,-0.465,0.442,2.40148621,-0.465,2.569862245;            0002011P0001130
100,0.,0.,0.,-0.308753022,-0.403404972,0.309413774,-0.402898395; 0002013P0001131
124,-0.793107077,-0.609082232,0.,1.911,0.,0.,-1.,-0.465,         0002015P0001132
0.609082232,-0.793107077,0.,2.438;                               0002015P0001133
144,2019,1,0,2021;                                               0002017P0001134
108,0.,1.,0.,0.465,0,3.217,0.465,0.254,0.;                       0002019P0001135
142,0,2019,0,2023,2;                                             0002021P0001136
102,12,2025,2027,2029,2031,2035,2037,2041,2043,2045,2047,2051,   0002023P0001137
2053;                                                            0002023P0001138
110,1.911,0.465,2.692,1.854,0.465,2.692;                         0002025P0001139
110,1.854,0.465,2.692,1.854,0.465,2.946;                         0002027P0001140
110,1.854,0.465,2.946,1.911,0.465,2.946;                         0002029P0001141
100,0.,0.,0.,-0.309413774,-0.402898395,0.308753022,-0.403404972; 0002031P0001142
124,0.793107077,-0.609082232,0.,1.911,0.,0.,1.,0.465,            0002033P0001143
-0.609082232,-0.793107077,0.,2.438;                              0002033P0001144
110,2.402,0.465,2.57,2.97251379,0.465,0.442137755;               0002035P0001145
100,0.,0.,0.,-0.1542733,-0.201781439,0.154706887,-0.201449197;   0002037P0001146
124,0.793107077,0.609082232,0.,3.217,0.,0.,-1.,0.465,            0002039P0001147
-0.609082232,0.793107077,0.,0.508;                               0002039P0001148
110,3.217,0.465,0.254,3.274,0.465,0.254;                         0002041P0001149
110,3.274,0.465,0.254,3.274,0.465,0.;                            0002043P0001150
110,3.274,0.465,0.,3.217,0.465,0.;                               0002045P0001151
100,0.,0.,0.,-0.309413774,-0.402898395,0.309314306,-0.402974763; 0002047P0001152
124,-0.793107077,0.609082232,0.,3.217,0.,0.,1.,0.465,            0002049P0001153
0.609082232,0.793107077,0.,0.508;                                0002049P0001154
110,2.727,0.465,0.377,2.156736344,0.465,2.50392931;              0002051P0001155
100,0.,0.,0.,-0.154479291,-0.20162378,0.154706887,-0.201449197;  0002053P0001156
124,-0.793107077,-0.609082232,0.,1.911,0.,0.,-1.,0.465,          0002055P0001157
0.609082232,-0.793107077,0.,2.438;                               0002055P0001158
402,14,2059,2075,2091,2107,2123,2139,2155,2171,2187,2223,2259,   0002057P0001159
2295,2331,2371;                                                  0002057P0001160
144,2061,1,0,2063;                                               0002059P0001161
108,-1.,0.,0.,-1.854,0,1.854,2.965,2.692,0.;                     0002061P0001162
142,0,2061,0,2065,2;                                             0002063P0001163
102,4,2067,2069,2071,2073;                                       0002065P0001164
110,1.854,2.965,2.692,1.854,2.035,2.692;                         0002067P0001165
110,1.854,2.035,2.692,1.854,2.035,2.946;                         0002069P0001166
110,1.854,2.035,2.946,1.854,2.965,2.946;                         0002071P0001167
110,1.854,2.965,2.946,1.854,2.965,2.692;                         0002073P0001168
144,2077,1,0,2079;                                               0002075P0001169
108,0.,0.,1.,2.946,0,1.854,2.965,2.946,0.;                       0002077P0001170
142,0,2077,0,2081,2;                                             0002079P0001171
102,4,2083,2085,2087,2089;                                       0002081P0001172
110,1.854,2.965,2.946,1.854,2.035,2.946;                         0002083P0001173
110,1.854,2.035,2.946,1.911,2.035,2.946;                         0002085P0001174
110,1.911,2.035,2.946,1.911,2.965,2.946;                         0002087P0001175
110,1.911,2.965,2.946,1.854,2.965,2.946;                         0002089P0001176
144,2093,1,0,2095;                                               0002091P0001177
108,0.,0.,-1.,-2.692,0,1.854,2.035,2.692,0.;                     0002093P0001178
142,0,2093,0,2097,2;                                             0002095P0001179
102,4,2099,2101,2103,2105;                                       0002097P0001180
110,1.854,2.035,2.692,1.854,2.965,2.692;                         0002099P0001181
110,1.854,2.965,2.692,1.911,2.965,2.692;                         0002101P0001182
110,1.911,2.965,2.692,1.911,2.035,2.692;                         0002103P0001183
110,1.911,2.035,2.692,1.854,2.035,2.692;                         0002105P0001184
144,2109,1,0,2111;                                               0002107P0001185
108,0.965885549,0.,0.258969314,2.985076289,0,2.972,2.035,0.442,  0002109P0001186
0.;                                                              0002109P0001187
142,0,2109,0,2113,2;                                             0002111P0001188
102,4,2115,2117,2119,2121;                                       0002113P0001189
110,2.972,2.035,0.442,2.972,2.965,0.442;                         0002115P0001190
110,2.97251379,2.965,0.442137755,2.402,2.965,2.57;               0002117P0001191
110,2.402,2.965,2.57,2.402,2.035,2.57;                           0002119P0001192
110,2.40148621,2.035,2.569862245,2.972,2.035,0.442;              0002121P0001193
144,2125,1,0,2127;                                               0002123P0001194
108,-0.965885549,0.,-0.258969314,-2.731601324,0,2.727,2.965,     0002125P0001195
0.377,0.;                                                        0002125P0001196
142,0,2125,0,2129,2;                                             0002127P0001197
102,4,2131,2133,2135,2137;                                       0002129P0001198
110,2.727,2.965,0.377,2.727,2.035,0.377;                         0002131P0001199
110,2.727263656,2.035,0.37707069,2.157,2.035,2.504;              0002133P0001200
110,2.157,2.035,2.504,2.157,2.965,2.504;                         0002135P0001201
110,2.156736344,2.965,2.50392931,2.727,2.965,0.377;              0002137P0001202
144,2141,1,0,2143;                                               0002139P0001203
108,0.,0.,1.,0.254,0,3.274,2.035,0.254,0.;                       0002141P0001204
142,0,2141,0,2145,2;                                             0002143P0001205
102,4,2147,2149,2151,2153;                                       0002145P0001206
110,3.274,2.035,0.254,3.274,2.965,0.254;                         0002147P0001207
110,3.274,2.965,0.254,3.217,2.965,0.254;                         0002149P0001208
110,3.217,2.965,0.254,3.217,2.035,0.254;                         0002151P0001209
110,3.217,2.035,0.254,3.274,2.035,0.254;                         0002153P0001210
144,2157,1,0,2159;                                               0002155P0001211
108,0.,0.,-1.,0.,0,3.217,2.035,0.,0.;                            0002157P0001212
142,0,2157,0,2161,2;                                             0002159P0001213
102,4,2163,2165,2167,2169;                                       0002161P0001214
110,3.217,2.035,0.,3.217,2.965,0.;                               0002163P0001215
110,3.217,2.965,0.,3.274,2.965,0.;                               0002165P0001216
110,3.274,2.965,0.,3.274,2.035,0.;                               0002167P0001217
110,3.274,2.035,0.,3.217,2.035,0.;                               0002169P0001218
144,2173,1,0,2175;                                               0002171P0001219
108,1.,0.,0.,3.274,0,3.274,2.035,0.,0.;                          0002173P0001220
142,0,2173,0,2177,2;                                             0002175P0001221
102,4,2179,2181,2183,2185;                                       0002177P0001222
110,3.274,2.035,0.,3.274,2.965,0.;                               0002179P0001223
110,3.274,2.965,0.,3.274,2.965,0.254;                            0002181P0001224
110,3.274,2.965,0.254,3.274,2.035,0.254;                         0002183P0001225
110,3.274,2.035,0.254,3.274,2.035,0.;                            0002185P0001226
144,2189,1,0,2197;                                               0002187P0001227
120,2193,2195,4.975018482,6.283185307;                           0002189P0001228
124,0.,1.,0.,1.911,0.,0.,1.,2.965,1.,0.,0.,2.438;                0002191P0001229
110,0.,0.,1.,0.,0.,0.;                                           0002193P0001230
110,0.508,0.,-0.93,0.508,0.,0.;                                  0002195P0001231
142,0,2189,2199,2209,3;                                          0002197P0001232
102,4,2201,2203,2205,2207;                                       0002199P0001233
110,1.,6.283185307,0.,-2.220446049E-16,6.283185307,0.;           0002201P0001234
110,1.972152263E-31,6.283185307,0.,-3.123348235E-16,4.975018482, 0002203P0001235
0.;                                                              0002203P0001236
110,-3.123348235E-16,4.975018482,0.,1.,4.975018482,0.;           0002205P0001237
110,1.,4.975018482,0.,1.,6.283185307,0.;                         0002207P0001238
102,4,2211,2213,2217,2219;                                       0002209P0001239
110,1.911,2.965,2.946,1.911,2.035,2.946;                         0002211P0001240
100,0.,0.,0.,0.309413774,0.402898395,-0.308753022,0.403404972;   0002213P0001241
124,-0.793107077,0.609082232,0.,1.911,0.,0.,1.,2.035,            0002215P0001242
0.609082232,0.793107077,0.,2.438;                                0002215P0001243
110,2.402,2.035,2.57,2.402,2.965,2.57;                           0002217P0001244
100,0.,0.,0.,0.308753022,0.403404972,-0.309413774,0.402898395;   0002219P0001245
124,0.793107077,0.609082232,0.,1.911,0.,0.,-1.,2.965,            0002221P0001246
-0.609082232,0.793107077,-0.,2.438;                              0002221P0001247
144,2225,1,0,2233;                                               0002223P0001248
120,2229,2231,3.141592654,4.450269139;                           0002225P0001249
124,0.,1.,0.,1.911,0.,-0.,1.,2.035,-1.,0.,0.,2.438;              0002227P0001250
110,0.,0.,1.,0.,0.,0.;                                           0002229P0001251
110,0.254,0.,0.,0.254,0.,0.93;                                   0002231P0001252
142,0,2225,2235,2245,3;                                          0002233P0001253
102,4,2237,2239,2241,2243;                                       0002235P0001254
110,-7.500792469E-16,3.141592654,0.,1.,3.141592654,0.;           0002237P0001255
110,1.,3.141592654,0.,1.,4.450269139,0.;                         0002239P0001256
110,1.,4.450269139,0.,-6.661338148E-16,4.450269139,0.;           0002241P0001257
110,-4.376227381E-16,4.450269139,0.,-7.500792469E-16,            0002243P0001258
3.141592654,0.;                                                  0002243P0001259
102,4,2247,2249,2253,2255;                                       0002245P0001260
110,1.911,2.035,2.692,1.911,2.965,2.692;                         0002247P0001261
100,0.,0.,0.,0.154706887,0.201449197,-0.154479291,0.20162378;    0002249P0001262
124,-0.793107077,0.609082232,0.,1.911,0.,0.,1.,2.965,            0002251P0001263
0.609082232,0.793107077,0.,2.438;                                0002251P0001264
110,2.157,2.965,2.504,2.157,2.035,2.504;                         0002253P0001265
100,0.,0.,0.,0.154479291,0.20162378,-0.154706887,0.201449197;    0002255P0001266
124,0.793107077,0.609082232,0.,1.911,0.,0.,-1.,2.035,            0002257P0001267
-0.609082232,0.793107077,-0.,2.438;                              0002257P0001268
144,2261,1,0,2269;                                               0002259P0001269
120,2265,2267,3.141592654,4.449247879;                           0002261P0001270
124,0.,-1.,0.,3.217,0.,0.,1.,2.035,1.,0.,0.,0.508;               0002263P0001271
110,0.,0.,1.,0.,0.,0.;                                           0002265P0001272
110,0.254,0.,0.,0.254,0.,0.93;                                   0002267P0001273
142,0,2261,2271,2281,3;                                          0002269P0001274
102,4,2273,2275,2277,2279;                                       0002271P0001275
110,-7.500792469E-16,3.141592654,0.,1.,3.141592654,0.;           0002273P0001276
110,1.,3.141592654,0.,1.,4.449247879,0.;                         0002275P0001277
110,1.,4.449247879,0.,-6.661338148E-16,4.449247879,0.;           0002277P0001278
110,-4.378665718E-16,4.449247879,0.,-7.500792469E-16,            0002279P0001279
3.141592654,0.;                                                  0002279P0001280
102,4,2283,2285,2289,2291;                                       0002281P0001281
110,3.217,2.035,0.254,3.217,2.965,0.254;                         0002283P0001282
100,0.,0.,0.,0.154706887,0.201449197,-0.1542733,0.201781439;     0002285P0001283
124,0.793107077,-0.609082232,0.,3.217,0.,0.,1.,2.965,            0002287P0001284
-0.609082232,-0.793107077,0.,0.508;                              0002287P0001285
110,2.972,2.965,0.442,2.972,2.035,0.442;                         0002289P0001286
100,0.,0.,0.,0.1542733,0.201781439,-0.154706887,0.201449197;     0002291P0001287
124,-0.793107077,-0.609082232,0.,3.217,0.,0.,-1.,2.035,          0002293P0001288
0.609082232,-0.793107077,-0.,0.508;                              0002293P0001289
144,2297,1,0,2305;                                               0002295P0001290
120,2301,2303,4.973626373,6.283185307;                           0002297P0001291
124,0.,-1.,0.,3.217,0.,0.,1.,2.035,-1.,0.,0.,0.508;              0002299P0001292
110,0.,0.,1.,0.,0.,0.;                                           0002301P0001293
110,0.508,0.,0.,0.508,0.,0.93;                                   0002303P0001294
142,0,2297,2307,2317,3;                                          0002305P0001295
102,4,2309,2311,2313,2315;                                       0002307P0001296
110,1.,6.283185307,0.,-2.220446049E-16,6.283185307,0.;           0002309P0001297
110,1.972152263E-31,6.283185307,0.,-3.126672001E-16,4.973626373, 0002311P0001298
0.;                                                              0002311P0001299
110,-3.126672001E-16,4.973626373,0.,1.,4.973626373,0.;           0002313P0001300
110,1.,4.973626373,0.,1.,6.283185307,0.;                         0002315P0001301
102,4,2319,2321,2325,2327;                                       0002317P0001302
110,3.217,2.965,0.,3.217,2.035,0.;                               0002319P0001303
100,0.,0.,0.,0.309413774,0.402898395,-0.309314306,0.402974763;   0002321P0001304
124,0.793107077,-0.609082232,0.,3.217,0.,0.,1.,2.035,            0002323P0001305
-0.609082232,-0.793107077,0.,0.508;                              0002323P0001306
110,2.727,2.035,0.377,2.727,2.965,0.377;                         0002325P0001307
100,0.,0.,0.,0.309314306,0.402974763,-0.309413774,0.402898395;   0002327P0001308
124,-0.793107077,-0.609082232,0.,3.217,0.,0.,-1.,2.965,          0002329P0001309
0.609082232,-0.793107077,-0.,0.508;                              0002329P0001310
144,2333,1,0,2335;                                               0002331P0001311
108,0.,-1.,0.,-2.035,0,1.854,2.035,2.692,0.;                     0002333P0001312
142,0,2333,0,2337,2;                                             0002335P0001313
102,12,2339,2341,2343,2345,2349,2351,2355,2357,2359,2361,2365,   0002337P0001314
2367;                                                            0002337P0001315
110,1.911,2.035,2.946,1.854,2.035,2.946;                         0002339P0001316
110,1.854,2.035,2.946,1.854,2.035,2.692;                         0002341P0001317
110,1.854,2.035,2.692,1.911,2.035,2.692;                         0002343P0001318
100,0.,0.,0.,-0.154706887,-0.201449197,0.154479291,-0.20162378;  0002345P0001319
124,0.793107077,-0.609082232,0.,1.911,0.,0.,1.,2.035,            0002347P0001320
-0.609082232,-0.793107077,0.,2.438;                              0002347P0001321
110,2.157,2.035,2.504,2.727263656,2.035,0.37707069;              0002349P0001322
100,0.,0.,0.,-0.309314306,-0.402974763,0.309413774,-0.402898395; 0002351P0001323
124,0.793107077,0.609082232,0.,3.217,0.,0.,-1.,2.035,            0002353P0001324
-0.609082232,0.793107077,0.,0.508;                               0002353P0001325
110,3.217,2.035,0.,3.274,2.035,0.;                               0002355P0001326
110,3.274,2.035,0.,3.274,2.035,0.254;                            0002357P0001327
110,3.274,2.035,0.254,3.217,2.035,0.254;                         0002359P0001328
100,0.,0.,0.,-0.154706887,-0.201449197,0.1542733,-0.201781439;   0002361P0001329
124,-0.793107077,0.609082232,0.,3.217,0.,0.,1.,2.035,            0002363P0001330
0.609082232,0.793107077,0.,0.508;                                0002363P0001331
110,2.972,2.035,0.442,2.40148621,2.035,2.569862245;              0002365P0001332
100,0.,0.,0.,-0.308753022,-0.403404972,0.309413774,-0.402898395; 0002367P0001333
124,-0.793107077,-0.609082232,0.,1.911,0.,0.,-1.,2.035,          0002369P0001334
0.609082232,-0.793107077,0.,2.438;                               0002369P0001335
144,2373,1,0,2375;                                               0002371P0001336
108,0.,1.,0.,2.965,0,3.217,2.965,0.254,0.;                       0002373P0001337
142,0,2373,0,2377,2;                                             0002375P0001338
102,12,2379,2381,2383,2385,2389,2391,2395,2397,2399,2401,2405,   0002377P0001339
2407;                                                            0002377P0001340
110,1.911,2.965,2.692,1.854,2.965,2.692;                         0002379P0001341
110,1.854,2.965,2.692,1.854,2.965,2.946;                         0002381P0001342
110,1.854,2.965,2.946,1.911,2.965,2.946;                         0002383P0001343
100,0.,0.,0.,-0.309413774,-0.402898395,0.308753022,-0.403404972; 0002385P0001344
124,0.793107077,-0.609082232,0.,1.911,0.,0.,1.,2.965,            0002387P0001345
-0.609082232,-0.793107077,0.,2.438;                              0002387P0001346
110,2.402,2.965,2.57,2.97251379,2.965,0.442137755;               0002389P0001347
100,0.,0.,0.,-0.1542733,-0.201781439,0.154706887,-0.201449197;   0002391P0001348
124,0.793107077,0.609082232,0.,3.217,0.,0.,-1.,2.965,            0002393P0001349
-0.609082232,0.793107077,0.,0.508;                               0002393P0001350
110,3.217,2.965,0.254,3.274,2.965,0.254;                         0002395P0001351
110,3.274,2.965,0.254,3.274,2.965,0.;                            0002397P0001352
110,3.274,2.965,0.,3.217,2.965,0.;                               0002399P0001353
100,0.,0.,0.,-0.309413774,-0.402898395,0.309314306,-0.402974763; 0002401P0001354
124,-0.793107077,0.609082232,0.,3.217,0.,0.,1.,2.965,            0002403P0001355
0.609082232,0.793107077,0.,0.508;                                0002403P0001356
110,2.727,2.965,0.377,2.156736344,2.965,2.50392931;              0002405P0001357
100,0.,0.,0.,-0.154479291,-0.20162378,0.154706887,-0.201449197;  0002407P0001358
124,-0.793107077,-0.609082232,0.,1.911,0.,0.,-1.,2.965,          0002409P0001359
0.609082232,-0.793107077,0.,2.438;                               0002409P0001360
314,58.799999754,58.799999754,58.799999754,6HGRAY59;             0002411P0001361
314,43.100000596,43.100000596,43.100000596,6HGRAY43;             0002413P0001362
314,72.499999117,72.499999117,72.499999117,6HGRAY72;             0002415P0001363
406,1,4Hpart;                                                    0002417P0001364
S      1G      4D   2418P   1364                                        T0000001
